# grid [m], ug [m/s], rhog, Tg [K], Yf, YO2, YOH, YCO, YCO2, phi_g, Sm, Sh, Syf
0,0.280892,1.22036,300,-8.23282e-18,2.33115e-15,3.98058e-17,-4.48681e-16,-1.41383e-16,-1.01399e-16,0,0,-0
6.66667e-05,0.280892,1.22036,300,-8.32585e-18,3.46586e-15,4.0792e-17,-4.48681e-16,-1.41454e-16,-1.02545e-16,0,0,-0
0.000133333,0.280892,1.22036,300,-8.42488e-18,3.56688e-15,4.17216e-17,-4.48681e-16,-1.41538e-16,-1.03765e-16,0,0,-0
0.0002,0.280892,1.22036,300,-8.52368e-18,3.62206e-15,4.26077e-17,-4.48681e-16,-1.41632e-16,-1.04981e-16,0,0,-0
0.000266667,0.280892,1.22036,300,-8.6222e-18,3.68335e-15,4.34623e-17,-4.48682e-16,-1.41734e-16,-1.06195e-16,0,0,-0
0.000333333,0.280892,1.22036,300,-8.72044e-18,3.7838e-15,4.42965e-17,-4.48682e-16,-1.41841e-16,-1.07405e-16,0,0,-0
0.0004,0.280892,1.22036,300,-8.81839e-18,3.96928e-15,4.51222e-17,-4.48682e-16,-1.41951e-16,-1.08611e-16,0,0,-0
0.000466667,0.280892,1.22036,300,-8.91604e-18,4.32085e-15,4.59535e-17,-4.48682e-16,-1.42065e-16,-1.09814e-16,0,0,-0
0.000533333,0.280892,1.22036,300,-9.0134e-18,4.99065e-15,4.68095e-17,-4.48682e-16,-1.4218e-16,-1.11013e-16,0,0,-0
0.0006,0.280892,1.22036,300,-9.11043e-18,6.26754e-15,4.77168e-17,-4.48682e-16,-1.42297e-16,-1.12208e-16,0,0,-0
0.000666667,0.280892,1.22036,300,-9.20708e-18,8.69936e-15,4.87132e-17,-4.48682e-16,-1.42415e-16,-1.13399e-16,0,0,-0
0.000733333,0.280892,1.22036,300,-9.30329e-18,1.33163e-14,4.98479e-17,-4.48682e-16,-1.42534e-16,-1.14583e-16,0,0,-0
0.0008,0.280892,1.22036,300,-9.39887e-18,2.20063e-14,5.11749e-17,-4.48683e-16,-1.42654e-16,-1.15761e-16,0,0,-0
0.000866667,0.280892,1.22036,300,-9.49357e-18,3.79769e-14,5.2722e-17,-4.48683e-16,-1.42773e-16,-1.16927e-16,0,0,-0
0.000933333,0.280892,1.22036,300,-9.59906e-18,6.37913e-14,5.4398e-17,-4.48683e-16,-1.42893e-16,-1.18226e-16,0,0,-0
0.001,0.280892,1.22036,300,-9.69443e-18,6.75128e-14,5.60755e-17,-4.48683e-16,-1.43013e-16,-1.19401e-16,0,0,-0
0.00106667,0.280892,1.22036,300,-9.78963e-18,6.89101e-14,5.77479e-17,-4.48683e-16,-1.43134e-16,-1.20573e-16,0,0,-0
0.00113333,0.280892,1.22036,300,-9.88455e-18,6.94354e-14,5.94155e-17,-4.48683e-16,-1.43254e-16,-1.21743e-16,0,0,-0
0.0012,0.280892,1.22036,300,-9.9792e-18,6.96329e-14,6.10786e-17,-4.48683e-16,-1.43375e-16,-1.22908e-16,0,0,-0
0.00126667,0.280892,1.22036,300,-1.00736e-17,6.97072e-14,6.27376e-17,-4.48684e-16,-1.43495e-16,-1.24071e-16,0,0,-0
0.00133333,0.280892,1.22036,300,-1.01677e-17,6.97351e-14,6.43926e-17,-4.48684e-16,-1.43616e-16,-1.2523e-16,0,0,-0
0.0014,0.280892,1.22036,300,-1.02615e-17,6.97456e-14,6.60438e-17,-4.48684e-16,-1.43736e-16,-1.26385e-16,0,0,-0
0.00146667,0.280892,1.22036,300,-1.03551e-17,6.97495e-14,6.76913e-17,-4.48684e-16,-1.43857e-16,-1.27538e-16,0,0,-0
0.00153333,0.280892,1.22036,300,-1.04484e-17,6.9751e-14,6.93351e-17,-4.48684e-16,-1.43977e-16,-1.28687e-16,0,0,-0
0.0016,0.280892,1.22036,300,-1.05414e-17,6.97516e-14,7.09755e-17,-4.48684e-16,-1.44098e-16,-1.29833e-16,0,0,-0
0.00166667,0.280892,1.22036,300,-1.06342e-17,6.97518e-14,7.26123e-17,-4.48684e-16,-1.44219e-16,-1.30975e-16,0,0,-0
0.00173333,0.280892,1.22036,300,-1.07267e-17,6.97519e-14,7.42458e-17,-4.48685e-16,-1.44339e-16,-1.32114e-16,0,0,-0
0.0018,0.280892,1.22036,300,-1.08189e-17,6.97519e-14,7.58758e-17,-4.48685e-16,-1.4446e-16,-1.3325e-16,0,0,-0
0.00186667,0.280892,1.22036,300,-1.09108e-17,6.97519e-14,7.75025e-17,-4.48685e-16,-1.4458e-16,-1.34383e-16,0,0,-0
0.00193333,0.280892,1.22036,300,-1.10025e-17,6.97519e-14,7.91259e-17,-4.48685e-16,-1.44701e-16,-1.35512e-16,0,0,-0
0.002,0.280892,1.22036,300,-1.10939e-17,6.97519e-14,8.0746e-17,-4.48685e-16,-1.44821e-16,-1.36638e-16,0,0,-0
0.00206667,0.280892,1.22036,300,-1.11851e-17,6.97519e-14,8.23627e-17,-4.48685e-16,-1.44942e-16,-1.3776e-16,0,0,-0
0.00213333,0.280892,1.22036,300,-1.1276e-17,6.97519e-14,8.39762e-17,-4.48685e-16,-1.45062e-16,-1.3888e-16,0,0,-0
0.0022,0.280892,1.22036,300,-1.13666e-17,6.97519e-14,8.55864e-17,-4.48685e-16,-1.45183e-16,-1.39996e-16,0,0,-0
0.00226667,0.280892,1.22036,300,-1.14569e-17,6.97519e-14,8.71934e-17,-4.48686e-16,-1.45303e-16,-1.41109e-16,0,0,-0
0.00233333,0.280892,1.22036,300,-1.1547e-17,6.97519e-14,8.8797e-17,-4.48686e-16,-1.45424e-16,-1.42219e-16,0,0,-0
0.0024,0.280892,1.22036,300,-1.16369e-17,6.97519e-14,9.03975e-17,-4.48686e-16,-1.45544e-16,-1.43325e-16,0,0,-0
0.00246667,0.280892,1.22036,300,-1.17264e-17,6.9752e-14,9.19946e-17,-4.48686e-16,-1.45665e-16,-1.44428e-16,0,0,-0
0.00253333,0.280892,1.22036,300,-1.18158e-17,6.9752e-14,9.35886e-17,-4.48686e-16,-1.45785e-16,-1.45528e-16,0,0,-0
0.0026,0.280892,1.22036,300,-1.19048e-17,6.9752e-14,9.51793e-17,-4.48686e-16,-1.45906e-16,-1.46625e-16,0,0,-0
0.00266667,0.280892,1.22036,300,-1.19936e-17,6.9752e-14,9.67667e-17,-4.48686e-16,-1.46026e-16,-1.47718e-16,0,0,-0
0.00273333,0.280892,1.22036,300,-1.20821e-17,6.9752e-14,9.83509e-17,-4.48687e-16,-1.46147e-16,-1.48809e-16,0,0,-0
0.0028,0.280892,1.22036,300,-1.21704e-17,6.9752e-14,9.99318e-17,-4.48687e-16,-1.46267e-16,-1.49896e-16,0,0,-0
0.00286667,0.280892,1.22036,300,-1.22584e-17,6.9752e-14,1.0151e-16,-4.48687e-16,-1.46388e-16,-1.5098e-16,0,0,-0
0.00293333,0.280892,1.22036,300,-1.23461e-17,6.9752e-14,1.03084e-16,-4.48687e-16,-1.46508e-16,-1.5206e-16,0,0,-0
0.003,0.280892,1.22036,300,-1.24336e-17,6.9752e-14,1.04655e-16,-4.48687e-16,-1.46628e-16,-1.53138e-16,0,0,-0
0.00306667,0.280892,1.22036,300,-1.25208e-17,6.9752e-14,1.06223e-16,-4.48687e-16,-1.46749e-16,-1.54212e-16,0,0,-0
0.00313333,0.280892,1.22036,300,-1.26078e-17,6.9752e-14,1.07788e-16,-4.48687e-16,-1.46869e-16,-1.55283e-16,0,0,-0
0.0032,0.280892,1.22036,300,-1.26945e-17,6.9752e-14,1.0935e-16,-4.48688e-16,-1.4699e-16,-1.56351e-16,0,0,-0
0.00326667,0.280892,1.22036,300,-1.2781e-17,6.9752e-14,1.10908e-16,-4.48688e-16,-1.4711e-16,-1.57416e-16,0,0,-0
0.00333333,0.280892,1.22036,300,-1.28672e-17,6.9752e-14,1.12463e-16,-4.48688e-16,-1.4723e-16,-1.58478e-16,0,0,-0
0.0034,0.280892,1.22036,300,-1.29531e-17,6.9752e-14,1.14015e-16,-4.48688e-16,-1.47351e-16,-1.59536e-16,0,0,-0
0.00346667,0.280892,1.22036,300,-1.30388e-17,6.9752e-14,1.15563e-16,-4.48688e-16,-1.47471e-16,-1.60592e-16,0,0,-0
0.00353333,0.280892,1.22036,300,-1.31243e-17,6.9752e-14,1.17109e-16,-4.48688e-16,-1.47591e-16,-1.61644e-16,0,0,-0
0.0036,0.280892,1.22036,300,-1.32094e-17,6.9752e-14,1.18651e-16,-4.48688e-16,-1.47712e-16,-1.62693e-16,0,0,-0
0.00366667,0.280892,1.22036,300,-1.32944e-17,6.9752e-14,1.2019e-16,-4.48689e-16,-1.47832e-16,-1.63739e-16,0,0,-0
0.00373333,0.280892,1.22036,300,-1.3379e-17,6.9752e-14,1.21726e-16,-4.48689e-16,-1.47952e-16,-1.64782e-16,0,0,-0
0.0038,0.280892,1.22036,300,-1.34635e-17,6.9752e-14,1.23258e-16,-4.48689e-16,-1.48073e-16,-1.65822e-16,0,0,-0
0.00386667,0.280892,1.22036,300,-1.35476e-17,6.9752e-14,1.24787e-16,-4.48689e-16,-1.48193e-16,-1.66859e-16,0,0,-0
0.00393333,0.280892,1.22036,300,-1.36316e-17,6.9752e-14,1.26313e-16,-4.48689e-16,-1.48313e-16,-1.67892e-16,0,0,-0
0.004,0.280892,1.22036,300,-1.37152e-17,6.9752e-14,1.27836e-16,-4.48689e-16,-1.48433e-16,-1.68923e-16,0,0,-0
0.00406667,0.280892,1.22036,300,-1.37987e-17,6.9752e-14,1.29356e-16,-4.48689e-16,-1.48554e-16,-1.6995e-16,0,0,-0
0.00413333,0.280892,1.22036,300,-1.38818e-17,6.9752e-14,1.30872e-16,-4.48689e-16,-1.48674e-16,-1.70975e-16,0,0,-0
0.0042,0.280892,1.22036,300,-1.39648e-17,6.9752e-14,1.32385e-16,-4.4869e-16,-1.48794e-16,-1.71996e-16,0,0,-0
0.00426667,0.280892,1.22036,300,-1.40474e-17,6.9752e-14,1.33895e-16,-4.4869e-16,-1.48914e-16,-1.73014e-16,0,0,-0
0.00433333,0.280892,1.22036,300,-1.41298e-17,6.9752e-14,1.35402e-16,-4.4869e-16,-1.49035e-16,-1.74029e-16,0,0,-0
0.0044,0.280892,1.22036,300,-1.4212e-17,6.9752e-14,1.36906e-16,-4.4869e-16,-1.49155e-16,-1.75041e-16,0,0,-0
0.00446667,0.280892,1.22036,300,-1.42939e-17,6.9752e-14,1.38406e-16,-4.4869e-16,-1.49275e-16,-1.7605e-16,0,0,-0
0.00453333,0.280892,1.22036,300,-1.43755e-17,6.9752e-14,1.39903e-16,-4.4869e-16,-1.49395e-16,-1.77056e-16,0,0,-0
0.0046,0.280892,1.22036,300,-1.44569e-17,6.9752e-14,1.41397e-16,-4.4869e-16,-1.49515e-16,-1.78058e-16,0,0,-0
0.00466667,0.280892,1.22036,300,-1.45379e-17,6.9752e-14,1.42888e-16,-4.48691e-16,-1.49635e-16,-1.79055e-16,0,0,-0
0.00473333,0.280892,1.22036,300,-1.46185e-17,6.9752e-14,1.44376e-16,-4.48691e-16,-1.49756e-16,-1.80048e-16,0,0,-0
0.0048,0.280892,1.22036,300,-1.46986e-17,6.9752e-14,1.4586e-16,-4.48691e-16,-1.49876e-16,-1.81034e-16,0,0,-0
0.00486667,0.280892,1.22036,300,-1.47778e-17,6.9752e-14,1.47342e-16,-4.48691e-16,-1.49996e-16,-1.82011e-16,0,0,-0
0.00493333,0.280892,1.22036,300,-1.48558e-17,6.9752e-14,1.4882e-16,-4.48691e-16,-1.50116e-16,-1.8297e-16,0,0,-0
0.005,0.280892,1.22036,300,-1.49313e-17,6.9752e-14,1.50296e-16,-4.48691e-16,-1.50236e-16,-1.83901e-16,0,0,-0
0.00506667,0.280892,1.22036,300,-1.50027e-17,6.97521e-14,1.51769e-16,-4.48691e-16,-1.50356e-16,-1.8478e-16,0,0,-0
0.00513333,0.280892,1.22036,300,-1.50661e-17,6.97521e-14,1.53239e-16,-4.48692e-16,-1.50476e-16,-1.85561e-16,0,0,-0
0.0052,0.280892,1.22036,300,-1.51149e-17,6.97521e-14,1.54706e-16,-4.48692e-16,-1.50596e-16,-1.86161e-16,0,0,-0
0.00526667,0.280892,1.22036,300,-1.51356e-17,6.97521e-14,1.56171e-16,-4.48692e-16,-1.50717e-16,-1.86417e-16,0,0,-0
0.00533333,0.280892,1.22036,300,-1.51032e-17,6.97521e-14,1.57633e-16,-4.48692e-16,-1.50837e-16,-1.86018e-16,0,0,-0
0.0054,0.280892,1.22036,300,-1.49696e-17,6.97522e-14,1.59092e-16,-4.48692e-16,-1.50957e-16,-1.84373e-16,0,0,-0
0.00546667,0.280892,1.22036,300,-1.46433e-17,6.97523e-14,1.60549e-16,-4.48692e-16,-1.51077e-16,-1.80354e-16,0,0,-0
0.00553333,0.280892,1.22036,300,-1.39495e-17,6.97523e-14,1.62002e-16,-4.48692e-16,-1.51197e-16,-1.71808e-16,0,0,-0
0.0056,0.280892,1.22036,300,-1.25547e-17,6.97525e-14,1.63452e-16,-4.48691e-16,-1.51316e-16,-1.54629e-16,0,0,-0
0.00566667,0.280892,1.22036,300,-9.82282e-18,6.97526e-14,1.64899e-16,-4.48691e-16,-1.51436e-16,-1.20982e-16,0,0,-0
0.00573333,0.280892,1.22036,300,-4.54024e-18,6.97528e-14,1.66343e-16,-4.48689e-16,-1.51555e-16,-5.59196e-17,0,0,-0
0.0058,0.280892,1.22036,300,5.60836e-18,6.97531e-14,1.67784e-16,-4.48685e-16,-1.51673e-16,6.90751e-17,0,0,0
0.00586667,0.280892,1.22036,300,2.50402e-17,6.97535e-14,1.69223e-16,-4.48678e-16,-1.5179e-16,3.08406e-16,0,0,0
0.00593333,0.280892,1.22036,300,6.21825e-17,6.97543e-14,1.70661e-16,-4.48665e-16,-1.51904e-16,7.65868e-16,0,0,0
0.006,0.280892,1.22036,300,1.33113e-16,6.97558e-14,1.72098e-16,-4.4864e-16,-1.52013e-16,1.63948e-15,0,0,0
0.00606667,0.280892,1.22036,300,2.68504e-16,6.97585e-14,1.7354e-16,-4.48592e-16,-1.52111e-16,3.30702e-15,0,0,0
0.00613333,0.280892,1.22036,300,5.26875e-16,6.97636e-14,1.7499e-16,-4.48501e-16,-1.5219e-16,6.48923e-15,0,0,0
0.0062,0.280892,1.22036,300,1.01987e-15,6.97733e-14,1.7646e-16,-4.48326e-16,-1.52231e-16,1.25611e-14,0,0,0
0.00626667,0.280892,1.22036,300,1.96047e-15,6.97917e-14,1.77973e-16,-4.47993e-16,-1.522e-16,2.41461e-14,0,0,0
0.00633333,0.280892,1.22036,300,3.75505e-15,6.98267e-14,1.79568e-16,-4.47356e-16,-1.52032e-16,4.62488e-14,0,0,0
0.0064,0.280892,1.22036,300,7.17882e-15,6.98935e-14,1.81324e-16,-4.46142e-16,-1.51603e-16,8.84175e-14,0,0,0
0.00646667,0.280892,1.22036,300,1.37108e-14,7.00207e-14,1.83389e-16,-4.43826e-16,-1.50675e-16,1.68868e-13,0,0,0
0.00653333,0.280892,1.22036,300,2.61727e-14,7.02635e-14,1.86048e-16,-4.39406e-16,-1.48797e-16,3.22355e-13,0,0,0
0.0066,0.280892,1.22036,300,4.99477e-14,7.07265e-14,1.89843e-16,-4.30974e-16,-1.45105e-16,6.15178e-13,0,0,0
0.00666667,0.280892,1.22036,300,9.53061e-14,7.16098e-14,1.95806e-16,-4.14887e-16,-1.37952e-16,1.17383e-12,0,0,0
0.00673333,0.280892,1.22036,300,1.81841e-13,7.32951e-14,2.0591e-16,-3.84195e-16,-1.24196e-16,2.23964e-12,0,0,0
0.0068,0.280892,1.22036,300,3.46935e-13,7.65102e-14,2.23917e-16,-3.25642e-16,-9.78437e-17,4.27301e-12,0,0,0
0.00686667,0.280892,1.22036,300,6.61903e-13,8.26442e-14,2.57004e-16,-2.13933e-16,-4.74598e-17,8.15229e-12,0,0,0
0.00693333,0.280892,1.22036,300,1.2628e-12,9.43465e-14,3.18864e-16,-8.12859e-19,4.87721e-17,1.55532e-11,0,0,0
0.007,0.280892,1.22036,300,2.40921e-12,1.16672e-13,4.35619e-16,4.05781e-16,2.32474e-16,2.96729e-11,0,0,0
0.00706667,0.280892,1.22036,300,4.59634e-12,1.59266e-13,6.57108e-16,1.18149e-15,5.83051e-16,5.66105e-11,0,0,0
0.00713333,0.280892,1.22036,300,8.76897e-12,2.40527e-13,1.07841e-15,2.66139e-15,1.252e-15,1.08003e-10,0,0,0
0.0072,0.280892,1.22036,300,1.67296e-11,3.95558e-13,1.88093e-15,5.48476e-15,2.52833e-15,2.06049e-10,0,0,0
0.00726667,0.280892,1.22036,300,3.19169e-11,6.91329e-13,3.41074e-15,1.08712e-14,4.96345e-15,3.93103e-10,0,0,0
0.00733333,0.280892,1.22036,300,6.08916e-11,1.2556e-12,6.32809e-15,2.11476e-14,9.60931e-15,7.49968e-10,0,0,0
0.0074,0.280892,1.22036,300,1.1617e-10,2.33214e-12,1.18926e-14,4.07531e-14,1.84729e-14,1.4308e-09,0,0,0
0.00746667,0.280892,1.22036,300,2.21631e-10,4.38596e-12,2.25075e-14,7.81567e-14,3.5383e-14,2.7297e-09,0,0,0
0.00753333,0.280892,1.22036,300,4.2283e-10,8.30428e-12,4.27574e-14,1.49516e-13,6.76445e-14,5.20777e-09,0,0,0
0.0076,0.280892,1.22036,300,8.06682e-10,1.57797e-11,8.13893e-14,2.85656e-13,1.29194e-13,9.93545e-09,0,0,0
0.00766667,0.280892,1.22036,300,1.539e-09,3.00415e-11,1.55091e-13,5.45386e-13,2.46618e-13,1.8955e-08,0,0,0
0.00773333,0.280892,1.22036,300,2.93613e-09,5.72502e-11,2.95698e-13,1.0409e-12,4.70643e-13,3.61626e-08,0,0,0
0.0078,0.280892,1.22036,300,5.60159e-09,1.0916e-10,5.6395e-13,1.98626e-12,8.9804e-13,6.89916e-08,0,0,0
0.00786667,0.280892,1.22036,300,1.06868e-08,2.08193e-10,1.07572e-12,3.78982e-12,1.71344e-12,1.31623e-07,0,0,0
0.00793333,0.280892,1.22036,300,2.03884e-08,3.9713e-10,2.05209e-12,7.23068e-12,3.26906e-12,2.51113e-07,0,0,0
0.008,0.280892,1.22036,300,3.88973e-08,7.57589e-10,3.91483e-12,1.37952e-11,6.2369e-12,4.79077e-07,0,0,0
0.00806667,0.280892,1.22036,300,7.42089e-08,1.44528e-09,7.46858e-12,2.63191e-11,1.1899e-11,9.1399e-07,0,0,0
0.00813333,0.280892,1.22036,300,1.41577e-07,2.75726e-09,1.42485e-11,5.02124e-11,2.27012e-11,1.74372e-06,0,0,0
0.0082,0.280892,1.22036,300,2.70103e-07,5.26028e-09,2.71833e-11,9.57964e-11,4.33097e-11,3.32671e-06,0,0,0
0.00826667,0.280892,1.22036,300,5.15306e-07,1.00356e-08,5.18606e-11,1.82762e-10,8.26268e-11,6.34674e-06,0,0,0
0.00833333,0.280892,1.22035,300,9.83109e-07,1.9146e-08,9.89402e-11,3.48677e-10,1.57636e-10,1.21084e-05,0,0,0
0.0084,0.280892,1.22035,300,1.87559e-06,3.65269e-08,1.8876e-10,6.65212e-10,3.00739e-10,2.31007e-05,0,0,0
0.00846667,0.280892,1.22035,300.001,3.57828e-06,6.96866e-08,3.60118e-10,1.2691e-09,5.73749e-10,4.40719e-05,0,0,0
0.00853333,0.280892,1.22035,300.002,6.8267e-06,1.32949e-07,6.87039e-10,2.42121e-09,1.09459e-09,8.40812e-05,0,0,0
0.0086,0.280893,1.22035,300.003,1.30241e-05,2.53642e-07,1.31074e-09,4.61923e-09,2.08825e-09,0.000160412,0,0,0
0.00866667,0.280895,1.22034,300.007,2.48475e-05,4.83902e-07,2.50064e-09,8.81261e-09,3.98389e-09,0.00030604,0,0,0
0.00873333,0.280898,1.22033,300.013,4.74042e-05,9.23192e-07,4.77073e-09,1.68128e-08,7.60025e-09,0.000583879,0,0,0
0.0088,0.280903,1.2203,300.024,9.04379e-05,1.76127e-06,9.10155e-09,3.20755e-08,1.44991e-08,0.00111397,0,0,0
0.00886667,0.280914,1.22026,300.046,0.000172536,3.36013e-06,1.73636e-08,6.11932e-08,2.76596e-08,0.00212539,0,0,0
0.00893333,0.280935,1.22017,300.087,0.000329159,6.41033e-06,3.31247e-08,1.16742e-07,5.27634e-08,0.00405537,0,0,0
0.009,0.280974,1.22,300.167,0.000627941,1.22291e-05,6.3189e-08,2.22711e-07,1.00646e-07,0.00773877,-1.16872,23193.3,1.1201
0.00906667,0.281138,1.21955,300.322,0.00100108,2.33305e-05,1.20539e-07,4.24884e-07,1.91982e-07,0.0123419,-2.15291,115503,2.06752
0.00913333,0.281509,1.21843,300.635,0.00134948,4.45078e-05,2.29907e-07,8.10555e-07,3.66169e-07,0.0166425,-1.90573,207538,1.83383
0.0092,0.282172,1.216,301.265,0.0016915,8.48711e-05,4.38242e-07,1.54563e-06,6.98049e-07,0.020867,-1.73483,295213,1.66975
0.00926667,0.283415,1.21106,302.509,0.00204972,0.000161654,8.34125e-07,2.94396e-06,1.32909e-06,0.0252934,-1.62338,396616,1.55994
0.00933333,0.285778,1.20141,304.93,0.00245682,0.000307139,1.58269e-06,5.59348e-06,2.52404e-06,0.0303254,-1.56828,541479,1.50061
0.0094,0.290268,1.18317,309.58,0.00296384,0.000580695,2.98469e-06,1.05754e-05,4.76912e-06,0.0365934,-1.5828,784820,1.50246
0.00946667,0.298726,1.15,318.374,0.00365021,0.00108777,5.56403e-06,1.981e-05,8.92627e-06,0.0450782,-1.71031,1.23566e+06,1.60172
0.00953333,0.314353,1.09317,334.633,0.00463036,0.00200426,1.01589e-05,3.65008e-05,1.64285e-05,0.0571918,-2.06535,2.11802e+06,1.89511
0.0096,0.342301,1.00428,363.653,0.00604075,0.00359374,1.7907e-05,6.54479e-05,2.94085e-05,0.0746113,-2.97144,3.90106e+06,2.65477
0.00966667,0.38984,0.88227,412.77,0.00797621,0.00619053,2.98907e-05,0.00011274,5.0524e-05,0.0984784,-5.46015,7.59954e+06,4.74947
0.00973333,0.465526,0.739503,490.22,0.0103354,0.0101345,4.62507e-05,0.000184569,8.23162e-05,0.127457,-12.9698,1.5816e+07,11.1369
0.0098,0.577874,0.597008,603.044,0.0124963,0.0157046,6.49745e-05,0.000286015,0.000126321,0.153671,-29.97,3.45047e+07,26.7449
0.00986667,0.735477,0.471503,755.829,0.0129585,0.023117,8.07084e-05,0.000421028,0.000181659,0.158379,-31.9642,5.72079e+07,31.2446
0.00993333,0.942878,0.370024,949.794,0.0111295,0.032525,8.32609e-05,0.000592245,0.000238309,0.134655,-23.4874,7.54884e+07,23.5918
0.01,1.19898,0.292317,1181.67,0.00754673,0.0438718,6.01299e-05,0.000784359,0.000259469,0.0900759,-16.5322,8.7027e+07,16.9316
0.0100667,1.4922,0.235406,1438.69,0.00354829,0.0567553,1.98529e-05,0.000938532,0.000230946,0.0416764,-11.1792,8.71456e+07,11.7772
0.0101333,1.77949,0.197697,1688.42,0.000941679,0.0688023,2.21818e-06,0.000766733,0.000116543,0.0108941,-7.0894,7.24519e+07,7.81684
0.0102,1.98002,0.177827,1866.18,0.000121221,0.0764541,4.2516e-07,0.000346962,3.5489e-05,0.001389,-3.35799,3.8858e+07,4.41223
0.0102667,2.08235,0.169139,1959.25,1.25792e-05,0.0795008,4.1325e-07,0.000116398,9.26407e-06,0.000143591,-0.227133,2.69189e+06,1.43198
0.0103333,2.13146,0.165261,2005.99,2.02968e-06,0.0803125,4.21036e-07,3.58712e-05,2.49099e-06,2.31453e-05,0,0,0.562139
0.0104,2.15829,0.163211,2033.02,3.75963e-07,0.0804789,3.88094e-07,1.12448e-05,7.25864e-07,4.28636e-06,0,0,0.126318
0.0104667,2.17579,0.161899,2051.49,2.04298e-08,0.0805695,3.4151e-07,3.74786e-06,2.31476e-07,2.32894e-07,0,0,0.000305368
0.0105333,2.18881,0.160936,2065.64,1.07205e-09,0.0807151,2.95867e-07,1.35338e-06,8.09504e-08,1.22188e-08,0,0,0
0.0106,2.19926,0.160171,2077.2,5.64636e-11,0.0809163,2.55812e-07,5.31641e-07,3.09209e-08,6.43386e-10,0,0,0
0.0106667,2.20802,0.159535,2086.98,2.99259e-12,0.0811488,2.2193e-07,2.26114e-07,1.27896e-08,3.40897e-11,0,0,0
0.0107333,2.21554,0.158994,2095.42,1.5973e-13,0.0813916,1.93551e-07,1.03215e-07,5.66938e-09,1.81898e-12,0,0,0
0.0108,2.22207,0.158527,2102.79,8.5913e-15,0.0816311,1.69765e-07,5.00886e-08,2.66704e-09,9.78067e-14,0,0,0
0.0108667,2.22782,0.158117,2109.3,4.669e-16,0.0818597,1.49738e-07,2.56206e-08,1.32048e-09,5.31383e-15,0,0,0
0.0109333,2.23292,0.157756,2115.07,2.59361e-17,0.082074,1.32774e-07,1.37155e-08,6.83515e-10,2.95101e-16,0,0,0
0.011,2.23747,0.157436,2120.22,1.53776e-18,0.0822725,1.18314e-07,7.64065e-09,3.67938e-10,1.74923e-17,0,0,0
0.0110667,2.24154,0.15715,2124.85,1.07429e-19,0.0824555,1.05915e-07,4.40925e-09,2.05103e-10,1.22174e-18,0,0,0
0.0111333,2.2452,0.156894,2129.02,6.9973e-21,0.0826236,9.52222e-08,2.62609e-09,1.17987e-10,7.95599e-20,0,0,0
0.0112,2.24852,0.156662,2132.79,-2.74675e-21,0.0827779,8.59507e-08,1.6093e-09,6.98409e-11,-3.12246e-20,0,0,-0
0.0112667,2.25152,0.156453,2136.21,-3.36122e-21,0.0829196,7.78717e-08,1.0121e-09,4.24349e-11,-3.82031e-20,0,0,-0
0.0113333,2.25425,0.156264,2139.32,-2.68084e-21,0.0830498,7.07993e-08,6.51786e-10,2.64087e-11,-3.0465e-20,0,0,-0
0.0114,2.25675,0.156091,2142.16,-1.94199e-21,0.0831696,6.45815e-08,4.28976e-10,1.68019e-11,-2.20653e-20,0,0,-0
0.0114667,2.25903,0.155933,2144.77,-1.3643e-21,0.08328,5.90929e-08,2.88044e-10,1.09102e-11,-1.54993e-20,0,0,-0
0.0115333,2.26112,0.155789,2147.16,-9.51087e-22,0.0833819,5.423e-08,1.97023e-10,7.2197e-12,-1.08036e-20,0,0,-0
0.0116,2.26305,0.155656,2149.35,-6.64387e-22,0.0834761,4.99062e-08,1.37089e-10,4.86213e-12,-7.546e-21,0,0,-0
0.0116667,2.26482,0.155535,2151.38,-4.67155e-22,0.0835633,4.60491e-08,9.69111e-11,3.32832e-12,-5.30528e-21,0,0,-0
0.0117333,2.26646,0.155422,2153.25,-3.31313e-22,0.0836443,4.25975e-08,6.95247e-11,2.31331e-12,-3.7622e-21,0,0,-0
0.0118,2.26797,0.155318,2154.98,-2.37211e-22,0.0837195,3.94999e-08,5.05652e-11,1.63085e-12,-2.69337e-21,0,0,-0
0.0118667,2.26938,0.155222,2156.59,-1.71499e-22,0.0837895,3.67122e-08,3.7248e-11,1.16511e-12,-1.94708e-21,0,0,-0
0.0119333,2.27068,0.155133,2158.08,-1.25195e-22,0.0838548,3.41967e-08,2.77664e-11,8.42807e-13,-1.42126e-21,0,0,-0
0.012,2.2719,0.15505,2159.47,-9.22589e-23,0.0839157,3.19213e-08,2.09297e-11,6.16839e-13,-1.04728e-21,0,0,-0
0.0120667,2.27303,0.154973,2160.76,-6.86094e-23,0.0839727,2.98582e-08,1.59412e-11,4.56452e-13,-7.78765e-22,0,0,-0
0.0121333,2.27408,0.154901,2161.97,-5.14698e-23,0.084026,2.79832e-08,1.22605e-11,3.41291e-13,-5.84179e-22,0,0,-0
0.0122,2.27507,0.154834,2163.09,-3.89357e-23,0.084076,2.62757e-08,9.51623e-12,2.577e-13,-4.4189e-22,0,0,-0
0.0122667,2.27599,0.154771,2164.15,-2.96896e-23,0.0841229,2.47173e-08,7.44992e-12,1.96399e-13,-3.36934e-22,0,0,-0
0.0123333,2.27685,0.154713,2165.14,-2.28117e-23,0.084167,2.32924e-08,5.87963e-12,1.51008e-13,-2.58866e-22,0,0,-0
0.0124,2.27766,0.154658,2166.07,-1.76544e-23,0.0842085,2.1987e-08,4.67586e-12,1.17089e-13,-2.00331e-22,0,0,-0
0.0124667,2.27842,0.154606,2166.94,-1.37576e-23,0.0842476,2.07889e-08,3.74545e-12,9.15217e-14,-1.56104e-22,0,0,-0
0.0125333,2.27914,0.154557,2167.76,-1.07914e-23,0.0842844,1.96874e-08,3.02074e-12,7.20921e-14,-1.22442e-22,0,0,-0
0.0126,2.27981,0.154512,2168.53,-8.51782e-24,0.0843191,1.8673e-08,2.45211e-12,5.72116e-14,-9.66411e-23,0,0,-0
0.0126667,2.28045,0.154469,2169.26,-6.7634e-24,0.0843519,1.77373e-08,2.00286e-12,4.5731e-14,-7.67326e-23,0,0,-0
0.0127333,2.28105,0.154428,2169.94,-5.4009e-24,0.0843829,1.6873e-08,1.6456e-12,3.68112e-14,-6.12723e-23,0,0,-0
0.0128,2.28161,0.15439,2170.59,-4.33629e-24,0.0844123,1.60733e-08,1.35974e-12,2.98349e-14,-4.91927e-23,0,0,-0
0.0128667,2.28214,0.154354,2171.2,-3.49955e-24,0.0844401,1.53324e-08,1.12969e-12,2.4344e-14,-3.9699e-23,0,0,-0
0.0129333,2.28265,0.15432,2171.78,-2.83823e-24,0.0844664,1.4645e-08,9.43508e-13,1.99961e-14,-3.21958e-23,0,0,-0
0.013,2.28313,0.154287,2172.33,-2.31273e-24,0.0844914,1.40064e-08,7.92057e-13,1.65334e-14,-2.6234e-23,0,0,-0
0.0130667,2.28358,0.154257,2172.85,-1.89302e-24,0.0845151,1.34124e-08,6.68247e-13,1.37606e-14,-2.14724e-23,0,0,-0
0.0131333,2.28401,0.154228,2173.34,-1.55615e-24,0.0845376,1.28592e-08,5.6656e-13,1.15286e-14,-1.76508e-23,0,0,-0
0.0132,2.28442,0.1542,2173.81,-1.2845e-24,0.084559,1.23433e-08,4.82676e-13,9.72283e-15,-1.45692e-23,0,0,-0
0.0132667,2.2848,0.154174,2174.25,-1.06444e-24,0.0845793,1.18617e-08,4.13191e-13,8.25493e-15,-1.20729e-23,0,0,-0
0.0133333,2.28517,0.15415,2174.67,-8.85404e-25,0.0845987,1.14117e-08,3.55407e-13,7.05619e-15,-1.0042e-23,0,0,-0
0.0134,2.28552,0.154126,2175.07,-7.3914e-25,0.0846171,1.09906e-08,3.07175e-13,6.07293e-15,-8.38294e-24,0,0,-0
0.0134667,2.28585,0.154104,2175.45,-6.1917e-25,0.0846347,1.05962e-08,2.66778e-13,5.263e-15,-7.02215e-24,0,0,-0
0.0135333,2.28617,0.154082,2175.81,-5.2039e-25,0.0846514,1.02265e-08,2.32832e-13,4.59313e-15,-5.90174e-24,0,0,-0
0.0136,2.28647,0.154062,2176.16,-4.38757e-25,0.0846674,9.87959e-09,2.0422e-13,4.03694e-15,-4.97584e-24,0,0,-0
0.0136667,2.28675,0.154043,2176.49,-3.71057e-25,0.0846826,9.5537e-09,1.80034e-13,3.5734e-15,-4.20798e-24,0,0,-0
0.0137333,2.28703,0.154024,2176.8,-3.14719e-25,0.0846972,9.24732e-09,1.59537e-13,3.18566e-15,-3.56901e-24,0,0,-0
0.0138,2.28729,0.154007,2177.1,-2.67683e-25,0.0847111,8.95901e-09,1.42122e-13,2.8602e-15,-3.03556e-24,0,0,-0
0.0138667,2.28754,0.15399,2177.39,-2.2829e-25,0.0847243,8.68748e-09,1.27293e-13,2.58608e-15,-2.58879e-24,0,0,-0
0.0139333,2.28777,0.153974,2177.66,-1.95197e-25,0.084737,8.43155e-09,1.1464e-13,2.35446e-15,-2.21349e-24,0,0,-0
0.014,2.288,0.153959,2177.92,-1.67317e-25,0.0847492,8.19011e-09,1.03824e-13,2.15812e-15,-1.8973e-24,0,0,-0
0.0140667,2.28822,0.153944,2178.17,-1.43761e-25,0.0847608,7.96217e-09,9.45615e-14,1.99118e-15,-1.63017e-24,0,0,-0
0.0141333,2.28842,0.15393,2178.4,-1.23806e-25,0.0847719,7.74682e-09,8.6619e-14,1.84882e-15,-1.40386e-24,0,0,-0
0.0142,2.28862,0.153917,2178.63,-1.06856e-25,0.0847825,7.54321e-09,7.97995e-14,1.72706e-15,-1.21165e-24,0,0,-0
0.0142667,2.28881,0.153904,2178.85,-9.2423e-26,0.0847927,7.35057e-09,7.39382e-14,1.62262e-15,-1.04798e-24,0,0,-0
0.0143333,2.28899,0.153892,2179.06,-8.01035e-26,0.0848025,7.16817e-09,6.88965e-14,1.53281e-15,-9.0828e-25,0,0,-0
0.0144,2.28917,0.15388,2179.26,-6.95633e-26,0.0848118,6.99536e-09,6.45573e-14,1.45536e-15,-7.88757e-25,0,0,-0
0.0144667,2.28933,0.153869,2179.45,-6.0525e-26,0.0848208,6.83153e-09,6.08216e-14,1.38839e-15,-6.86267e-25,0,0,-0
0.0145333,2.28949,0.153858,2179.63,-5.27579e-26,0.0848294,6.67611e-09,5.76054e-14,1.33035e-15,-5.98192e-25,0,0,-0
0.0146,2.28964,0.153848,2179.81,-4.6069e-26,0.0848376,6.52859e-09,5.48373e-14,1.27991e-15,-5.22345e-25,0,0,-0
0.0146667,2.28979,0.153838,2179.98,-4.02971e-26,0.0848456,6.38848e-09,5.24562e-14,1.23597e-15,-4.56897e-25,0,0,-0
0.0147333,2.28993,0.153829,2180.14,-3.53067e-26,0.0848532,6.25532e-09,5.04102e-14,1.19761e-15,-4.00311e-25,0,0,-0
0.0148,2.29007,0.15382,2180.29,-3.09838e-26,0.0848605,6.12872e-09,4.86546e-14,1.16403e-15,-3.51294e-25,0,0,-0
0.0148667,2.2902,0.153811,2180.44,-2.72323e-26,0.0848675,6.00827e-09,4.7151e-14,1.13457e-15,-3.08757e-25,0,0,-0
0.0149333,2.29032,0.153803,2180.58,-2.3971e-26,0.0848742,5.89362e-09,4.58664e-14,1.10867e-15,-2.71778e-25,0,0,-0
0.015,2.29044,0.153795,2180.72,-2.11309e-26,0.0848807,5.78444e-09,4.47725e-14,1.08585e-15,-2.39576e-25,0,0,-0
0.0150667,2.29055,0.153787,2180.85,-1.86536e-26,0.0848869,5.68041e-09,4.38446e-14,1.06569e-15,-2.11487e-25,0,0,-0
0.0151333,2.29066,0.15378,2180.98,-1.64893e-26,0.0848929,5.58125e-09,4.30615e-14,1.04785e-15,-1.86948e-25,0,0,-0
0.0152,2.29077,0.153773,2181.1,-1.45956e-26,0.0848986,5.48667e-09,4.24046e-14,1.03202e-15,-1.65477e-25,0,0,-0
0.0152667,2.29087,0.153766,2181.22,-1.29361e-26,0.0849041,5.39644e-09,4.18581e-14,1.01795e-15,-1.46662e-25,0,0,-0
0.0153333,2.29097,0.153759,2181.33,-1.14799e-26,0.0849095,5.31032e-09,4.14078e-14,1.00541e-15,-1.30151e-25,0,0,-0
0.0154,2.29106,0.153753,2181.44,-1.02002e-26,0.0849146,5.22807e-09,4.10417e-14,9.94224e-16,-1.15642e-25,0,0,-0
0.0154667,2.29115,0.153747,2181.54,-9.07413e-27,0.0849195,5.14951e-09,4.0749e-14,9.84216e-16,-1.02875e-25,0,0,-0
0.0155333,2.29124,0.153741,2181.64,-8.08197e-27,0.0849242,5.07442e-09,4.05207e-14,9.75244e-16,-9.16259e-26,0,0,-0
0.0156,2.29132,0.153735,2181.74,-7.20668e-27,0.0849288,5.00263e-09,4.03484e-14,9.67187e-16,-8.17023e-26,0,0,-0
0.0156667,2.2914,0.15373,2181.83,-6.43358e-27,0.0849332,4.93398e-09,4.02251e-14,9.59935e-16,-7.29372e-26,0,0,-0
0.0157333,2.29148,0.153725,2181.92,-5.74992e-27,0.0849374,4.86829e-09,4.01446e-14,9.53396e-16,-6.51862e-26,0,0,-0
0.0158,2.29156,0.15372,2182,-5.14467e-27,0.0849415,4.80542e-09,4.01012e-14,9.47488e-16,-5.83242e-26,0,0,-0
0.0158667,2.29163,0.153715,2182.09,-4.60825e-27,0.0849454,4.74523e-09,4.00903e-14,9.42139e-16,-5.22427e-26,0,0,-0
0.0159333,2.2917,0.15371,2182.17,-4.13232e-27,0.0849492,4.68759e-09,4.01075e-14,9.37288e-16,-4.6847e-26,0,0,-0
0.016,2.29176,0.153706,2182.24,-3.70963e-27,0.0849528,4.63236e-09,4.01491e-14,9.32879e-16,-4.20549e-26,0,0,-0
0.0160667,2.29183,0.153702,2182.32,-3.33386e-27,0.0849563,4.57944e-09,4.02118e-14,9.28865e-16,-3.77947e-26,0,0,-0
0.0161333,2.29189,0.153698,2182.39,-2.99947e-27,0.0849597,4.52871e-09,4.02926e-14,9.25204e-16,-3.40037e-26,0,0,-0
0.0162,2.29195,0.153694,2182.46,-2.70162e-27,0.084963,4.48007e-09,4.03891e-14,9.21858e-16,-3.0627e-26,0,0,-0
0.0162667,2.29201,0.15369,2182.52,-2.43609e-27,0.0849661,4.43341e-09,4.04988e-14,9.18795e-16,-2.76167e-26,0,0,-0
0.0163333,2.29206,0.153686,2182.58,-2.19917e-27,0.0849691,4.38865e-09,4.06199e-14,9.15986e-16,-2.49307e-26,0,0,-0
0.0164,2.29212,0.153682,2182.65,-1.98758e-27,0.0849721,4.34569e-09,4.07505e-14,9.13405e-16,-2.25321e-26,0,0,-0
0.0164667,2.29217,0.153679,2182.7,-1.79848e-27,0.0849749,4.30446e-09,4.0889e-14,9.11029e-16,-2.03882e-26,0,0,-0
0.0165333,2.29222,0.153676,2182.76,-1.62933e-27,0.0849776,4.26486e-09,4.10341e-14,9.08839e-16,-1.84706e-26,0,0,-0
0.0166,2.29226,0.153672,2182.82,-1.47792e-27,0.0849802,4.22684e-09,4.11845e-14,9.06817e-16,-1.67541e-26,0,0,-0
0.0166667,2.29231,0.153669,2182.87,-1.34228e-27,0.0849827,4.19032e-09,4.13392e-14,9.04947e-16,-1.52164e-26,0,0,-0
0.0167333,2.29235,0.153666,2182.92,-1.22069e-27,0.0849852,4.15523e-09,4.14972e-14,9.03214e-16,-1.3838e-26,0,0,-0
0.0168,2.2924,0.153664,2182.97,-1.11161e-27,0.0849875,4.12151e-09,4.16576e-14,9.01606e-16,-1.26015e-26,0,0,-0
0.0168667,2.29244,0.153661,2183.02,-1.0137e-27,0.0849898,4.08909e-09,4.18197e-14,9.00111e-16,-1.14915e-26,0,0,-0
0.0169333,2.29248,0.153658,2183.06,-9.2575e-28,0.084992,4.05793e-09,4.19828e-14,8.9872e-16,-1.04944e-26,0,0,-0
0.017,2.29252,0.153656,2183.11,-8.46699e-28,0.0849941,4.02796e-09,4.21464e-14,8.97424e-16,-9.59825e-27,0,0,-0
0.0170667,2.29255,0.153653,2183.15,-7.75605e-28,0.0849961,3.99914e-09,4.231e-14,8.96214e-16,-8.7923e-27,0,0,-0
0.0171333,2.29259,0.153651,2183.19,-7.11629e-28,0.0849981,3.97141e-09,4.24731e-14,8.95082e-16,-8.06704e-27,0,0,-0
0.0172,2.29262,0.153648,2183.23,-6.54026e-28,0.085,3.94473e-09,4.26353e-14,8.94023e-16,-7.41404e-27,0,0,-0
0.0172667,2.29266,0.153646,2183.27,-6.02134e-28,0.0850019,3.91906e-09,4.27962e-14,8.93031e-16,-6.82577e-27,0,0,-0
0.0173333,2.29269,0.153644,2183.31,-5.55361e-28,0.0850036,3.89435e-09,4.29557e-14,8.92099e-16,-6.29554e-27,0,0,-0
0.0174,2.29272,0.153642,2183.34,-5.1318e-28,0.0850053,3.87057e-09,4.31134e-14,8.91224e-16,-5.81737e-27,0,0,-0
0.0174667,2.29275,0.15364,2183.38,-4.75124e-28,0.085007,3.84767e-09,4.32691e-14,8.90401e-16,-5.38595e-27,0,0,-0
0.0175333,2.29278,0.153638,2183.41,-4.40771e-28,0.0850086,3.82562e-09,4.34226e-14,8.89625e-16,-4.99652e-27,0,0,-0
0.0176,2.29281,0.153636,2183.44,-4.09747e-28,0.0850101,3.80439e-09,4.35738e-14,8.88894e-16,-4.64483e-27,0,0,-0
0.0176667,2.29283,0.153634,2183.47,-3.81717e-28,0.0850116,3.78393e-09,4.37225e-14,8.88204e-16,-4.32708e-27,0,0,-0
0.0177333,2.29286,0.153632,2183.5,-3.56382e-28,0.085013,3.76423e-09,4.38686e-14,8.87551e-16,-4.03988e-27,0,0,-0
0.0178,2.29289,0.153631,2183.53,-3.33473e-28,0.0850144,3.74525e-09,4.4012e-14,8.86934e-16,-3.78018e-27,0,0,-0
0.0178667,2.29291,0.153629,2183.56,-3.12749e-28,0.0850158,3.72696e-09,4.41526e-14,8.8635e-16,-3.54526e-27,0,0,-0
0.0179333,2.29293,0.153628,2183.59,-2.93996e-28,0.0850171,3.70933e-09,4.42905e-14,8.85797e-16,-3.33266e-27,0,0,-0
0.018,2.29296,0.153626,2183.61,-2.77018e-28,0.0850183,3.69234e-09,4.44255e-14,8.85272e-16,-3.14021e-27,0,0,-0
0.0180667,2.29298,0.153625,2183.64,-2.61644e-28,0.0850195,3.67597e-09,4.45576e-14,8.84773e-16,-2.96592e-27,0,0,-0
0.0181333,2.293,0.153623,2183.66,-2.47716e-28,0.0850207,3.66018e-09,4.46867e-14,8.84299e-16,-2.80803e-27,0,0,-0
0.0182,2.29302,0.153622,2183.68,-2.35094e-28,0.0850218,3.64497e-09,4.48129e-14,8.83849e-16,-2.66495e-27,0,0,-0
0.0182667,2.29304,0.153621,2183.71,-2.23653e-28,0.0850229,3.6303e-09,4.49362e-14,8.8342e-16,-2.53525e-27,0,0,-0
0.0183333,2.29306,0.153619,2183.73,-2.13278e-28,0.0850239,3.61615e-09,4.50566e-14,8.83012e-16,-2.41765e-27,0,0,-0
0.0184,2.29308,0.153618,2183.75,-2.03868e-28,0.085025,3.60252e-09,4.51739e-14,8.82624e-16,-2.31098e-27,0,0,-0
0.0184667,2.29309,0.153617,2183.77,-1.95331e-28,0.0850259,3.58937e-09,4.52884e-14,8.82253e-16,-2.2142e-27,0,0,-0
0.0185333,2.29311,0.153616,2183.79,-1.87584e-28,0.0850269,3.5767e-09,4.53999e-14,8.81899e-16,-2.12638e-27,0,0,-0
0.0186,2.29313,0.153615,2183.81,-1.80551e-28,0.0850278,3.56448e-09,4.55085e-14,8.81562e-16,-2.04666e-27,0,0,-0
0.0186667,2.29314,0.153614,2183.83,-1.74167e-28,0.0850287,3.5527e-09,4.56143e-14,8.8124e-16,-1.97428e-27,0,0,-0
0.0187333,2.29316,0.153612,2183.85,-1.68369e-28,0.0850295,3.54135e-09,4.57171e-14,8.80932e-16,-1.90857e-27,0,0,-0
0.0188,2.29317,0.153611,2183.86,-1.63104e-28,0.0850304,3.53042e-09,4.5817e-14,8.80639e-16,-1.84888e-27,0,0,-0
0.0188667,2.29319,0.153611,2183.88,-1.58322e-28,0.0850312,3.5199e-09,4.5914e-14,8.80358e-16,-1.79467e-27,0,0,-0
0.0189333,2.2932,0.15361,2183.89,-1.53979e-28,0.0850319,3.50977e-09,4.60081e-14,8.8009e-16,-1.74543e-27,0,0,-0
0.019,2.29322,0.153609,2183.91,-1.50034e-28,0.0850327,3.50004e-09,4.60993e-14,8.79835e-16,-1.70071e-27,0,0,-0
0.0190667,2.29323,0.153608,2183.92,-1.46452e-28,0.0850334,3.49069e-09,4.61874e-14,8.79591e-16,-1.66011e-27,0,0,-0
0.0191333,2.29324,0.153607,2183.94,-1.43201e-28,0.085034,3.48173e-09,4.62725e-14,8.79359e-16,-1.62326e-27,0,0,-0
0.0192,2.29325,0.153606,2183.95,-1.40253e-28,0.0850347,3.47317e-09,4.63544e-14,8.79138e-16,-1.58983e-27,0,0,-0
0.0192667,2.29326,0.153605,2183.97,-1.37582e-28,0.0850353,3.465e-09,4.6433e-14,8.78928e-16,-1.55956e-27,0,0,-0
0.0193333,2.29327,0.153605,2183.98,-1.35168e-28,0.0850359,3.45724e-09,4.65081e-14,8.78731e-16,-1.53219e-27,0,0,-0
0.0194,2.29328,0.153604,2183.99,-1.32991e-28,0.0850365,3.44992e-09,4.65793e-14,8.78544e-16,-1.50752e-27,0,0,-0
0.0194667,2.29329,0.153603,2184,-1.31039e-28,0.085037,3.44305e-09,4.66465e-14,8.78371e-16,-1.48539e-27,0,0,-0
0.0195333,2.2933,0.153603,2184.01,-1.293e-28,0.0850375,3.43669e-09,4.6709e-14,8.7821e-16,-1.46567e-27,0,0,-0
0.0196,2.29331,0.153602,2184.02,-1.27768e-28,0.0850379,3.43088e-09,4.67663e-14,8.78064e-16,-1.4483e-27,0,0,-0
0.0196667,2.29332,0.153602,2184.03,-1.26442e-28,0.0850383,3.42569e-09,4.68176e-14,8.77934e-16,-1.43328e-27,0,0,-0
0.0197333,2.29332,0.153601,2184.03,-1.25329e-28,0.0850386,3.42123e-09,4.68619e-14,8.77822e-16,-1.42066e-27,0,0,-0
0.0198,2.29333,0.153601,2184.04,-1.24442e-28,0.0850389,3.4176e-09,4.68981e-14,8.77731e-16,-1.41061e-27,0,0,-0
0.0198667,2.29333,0.153601,2184.04,-1.23807e-28,0.0850391,3.41496e-09,4.69244e-14,8.77665e-16,-1.4034e-27,0,0,-0
0.0199333,2.29333,0.153601,2184.05,-1.2346e-28,0.0850392,3.41351e-09,4.69388e-14,8.77629e-16,-1.39948e-27,0,0,-0
