  Grid,   Temperature,   Uvec,  C2H5OH, O2, N2, AR,   CO,    CO2
   0.000e+00,   3.000e+02,   3.463e-01,   1.002e-01,   2.087e-01,   6.787e-01,   1.241e-02,   8.751e-17,  -3.589e-17
   1.252e-04,   3.000e+02,   3.463e-01,   1.002e-01,   2.087e-01,   6.787e-01,   1.241e-02,   1.424e-16,   1.276e-17
   2.503e-04,   3.000e+02,   3.463e-01,   1.002e-01,   2.087e-01,   6.787e-01,   1.241e-02,   1.424e-16,   1.279e-17
   3.755e-04,   3.000e+02,   3.463e-01,   1.002e-01,   2.087e-01,   6.787e-01,   1.241e-02,   1.424e-16,   1.279e-17
   5.006e-04,   3.000e+02,   3.463e-01,   1.002e-01,   2.087e-01,   6.787e-01,   1.241e-02,   1.424e-16,   1.279e-17
   6.258e-04,   3.000e+02,   3.463e-01,   1.002e-01,   2.087e-01,   6.787e-01,   1.241e-02,   1.424e-16,   1.279e-17
   7.509e-04,   3.000e+02,   3.463e-01,   1.002e-01,   2.087e-01,   6.787e-01,   1.241e-02,   1.424e-16,   1.279e-17
   8.761e-04,   3.000e+02,   3.463e-01,   1.002e-01,   2.087e-01,   6.787e-01,   1.241e-02,   1.424e-16,   1.279e-17
   1.001e-03,   3.000e+02,   3.463e-01,   1.002e-01,   2.087e-01,   6.787e-01,   1.241e-02,   1.424e-16,   1.279e-17
   1.126e-03,   3.000e+02,   3.463e-01,   1.002e-01,   2.087e-01,   6.787e-01,   1.241e-02,   1.424e-16,   1.279e-17
   1.252e-03,   3.000e+02,   3.463e-01,   1.002e-01,   2.087e-01,   6.787e-01,   1.241e-02,   1.424e-16,   1.279e-17
   1.377e-03,   3.000e+02,   3.463e-01,   1.002e-01,   2.087e-01,   6.787e-01,   1.241e-02,   1.424e-16,   1.279e-17
   1.502e-03,   3.000e+02,   3.463e-01,   1.002e-01,   2.087e-01,   6.787e-01,   1.241e-02,   1.424e-16,   1.279e-17
   1.627e-03,   3.000e+02,   3.463e-01,   1.002e-01,   2.087e-01,   6.787e-01,   1.241e-02,   1.424e-16,   1.279e-17
   1.752e-03,   3.000e+02,   3.463e-01,   1.002e-01,   2.087e-01,   6.787e-01,   1.241e-02,   1.424e-16,   1.279e-17
   1.877e-03,   3.000e+02,   3.463e-01,   1.002e-01,   2.087e-01,   6.787e-01,   1.241e-02,   1.424e-16,   1.279e-17
   2.003e-03,   3.000e+02,   3.463e-01,   1.002e-01,   2.087e-01,   6.787e-01,   1.241e-02,   1.424e-16,   1.279e-17
   2.128e-03,   3.000e+02,   3.463e-01,   1.002e-01,   2.087e-01,   6.787e-01,   1.241e-02,   1.424e-16,   1.279e-17
   2.253e-03,   3.000e+02,   3.463e-01,   1.002e-01,   2.087e-01,   6.787e-01,   1.241e-02,   1.424e-16,   1.279e-17
   2.378e-03,   3.000e+02,   3.463e-01,   1.002e-01,   2.087e-01,   6.787e-01,   1.241e-02,   1.424e-16,   1.279e-17
   2.503e-03,   3.000e+02,   3.463e-01,   1.002e-01,   2.087e-01,   6.787e-01,   1.241e-02,   1.424e-16,   1.279e-17
   2.628e-03,   3.000e+02,   3.463e-01,   1.002e-01,   2.087e-01,   6.787e-01,   1.241e-02,   1.424e-16,   1.279e-17
   2.753e-03,   3.000e+02,   3.463e-01,   1.002e-01,   2.087e-01,   6.787e-01,   1.241e-02,   1.424e-16,   1.279e-17
   2.879e-03,   3.000e+02,   3.463e-01,   1.002e-01,   2.087e-01,   6.787e-01,   1.241e-02,   1.424e-16,   1.279e-17
   3.004e-03,   3.000e+02,   3.463e-01,   1.002e-01,   2.087e-01,   6.787e-01,   1.241e-02,   1.424e-16,   1.279e-17
   3.129e-03,   3.000e+02,   3.463e-01,   1.002e-01,   2.087e-01,   6.787e-01,   1.241e-02,   1.424e-16,   1.279e-17
   3.254e-03,   3.000e+02,   3.463e-01,   1.002e-01,   2.087e-01,   6.787e-01,   1.241e-02,   1.424e-16,   1.279e-17
   3.379e-03,   3.000e+02,   3.463e-01,   1.002e-01,   2.087e-01,   6.787e-01,   1.241e-02,   1.424e-16,   1.279e-17
   3.504e-03,   3.000e+02,   3.463e-01,   1.002e-01,   2.087e-01,   6.787e-01,   1.241e-02,   1.424e-16,   1.279e-17
   3.630e-03,   3.000e+02,   3.463e-01,   1.002e-01,   2.087e-01,   6.787e-01,   1.241e-02,   1.424e-16,   1.279e-17
   3.755e-03,   3.000e+02,   3.463e-01,   1.002e-01,   2.087e-01,   6.787e-01,   1.241e-02,   1.424e-16,   1.279e-17
   3.880e-03,   3.000e+02,   3.463e-01,   1.002e-01,   2.087e-01,   6.787e-01,   1.241e-02,   1.424e-16,   1.279e-17
   4.005e-03,   3.000e+02,   3.463e-01,   1.002e-01,   2.087e-01,   6.787e-01,   1.241e-02,   1.424e-16,   1.279e-17
   4.130e-03,   3.000e+02,   3.463e-01,   1.002e-01,   2.087e-01,   6.787e-01,   1.241e-02,   1.424e-16,   1.279e-17
   4.255e-03,   3.000e+02,   3.463e-01,   1.002e-01,   2.087e-01,   6.787e-01,   1.241e-02,   1.424e-16,   1.279e-17
   4.380e-03,   3.000e+02,   3.463e-01,   1.002e-01,   2.087e-01,   6.787e-01,   1.241e-02,   1.424e-16,   1.279e-17
   4.506e-03,   3.000e+02,   3.463e-01,   1.002e-01,   2.087e-01,   6.787e-01,   1.241e-02,   1.424e-16,   1.279e-17
   4.631e-03,   3.000e+02,   3.463e-01,   1.002e-01,   2.087e-01,   6.787e-01,   1.241e-02,   1.424e-16,   1.279e-17
   4.756e-03,   3.000e+02,   3.463e-01,   1.002e-01,   2.087e-01,   6.787e-01,   1.241e-02,   1.424e-16,   1.279e-17
   4.881e-03,   3.000e+02,   3.463e-01,   1.002e-01,   2.087e-01,   6.787e-01,   1.241e-02,   1.425e-16,   1.279e-17
   5.006e-03,   3.000e+02,   3.463e-01,   1.002e-01,   2.087e-01,   6.787e-01,   1.241e-02,   1.425e-16,   1.279e-17
   5.131e-03,   3.000e+02,   3.463e-01,   1.002e-01,   2.087e-01,   6.787e-01,   1.241e-02,   1.425e-16,   1.279e-17
   5.257e-03,   3.000e+02,   3.463e-01,   1.002e-01,   2.087e-01,   6.787e-01,   1.241e-02,   1.425e-16,   1.279e-17
   5.382e-03,   3.000e+02,   3.463e-01,   1.002e-01,   2.087e-01,   6.787e-01,   1.241e-02,   1.425e-16,   1.279e-17
   5.507e-03,   3.000e+02,   3.463e-01,   1.002e-01,   2.087e-01,   6.787e-01,   1.241e-02,   1.425e-16,   1.279e-17
   5.632e-03,   3.000e+02,   3.463e-01,   1.002e-01,   2.087e-01,   6.787e-01,   1.241e-02,   1.425e-16,   1.279e-17
   5.757e-03,   3.000e+02,   3.463e-01,   1.002e-01,   2.087e-01,   6.787e-01,   1.241e-02,   1.425e-16,   1.279e-17
   5.882e-03,   3.000e+02,   3.463e-01,   1.002e-01,   2.087e-01,   6.787e-01,   1.241e-02,   1.425e-16,   1.279e-17
   6.008e-03,   3.000e+02,   3.463e-01,   1.002e-01,   2.087e-01,   6.787e-01,   1.241e-02,   1.425e-16,   1.279e-17
   6.133e-03,   3.000e+02,   3.463e-01,   1.002e-01,   2.087e-01,   6.787e-01,   1.241e-02,   1.425e-16,   1.279e-17
   6.258e-03,   3.000e+02,   3.463e-01,   1.002e-01,   2.087e-01,   6.787e-01,   1.241e-02,   1.425e-16,   1.279e-17
   6.383e-03,   3.000e+02,   3.463e-01,   1.002e-01,   2.087e-01,   6.787e-01,   1.241e-02,   1.425e-16,   1.279e-17
   6.508e-03,   3.000e+02,   3.463e-01,   1.002e-01,   2.087e-01,   6.787e-01,   1.241e-02,   1.425e-16,   1.279e-17
   6.633e-03,   3.000e+02,   3.463e-01,   1.002e-01,   2.087e-01,   6.787e-01,   1.241e-02,   1.425e-16,   1.279e-17
   6.758e-03,   3.000e+02,   3.463e-01,   1.002e-01,   2.087e-01,   6.787e-01,   1.241e-02,   1.425e-16,   1.279e-17
   6.884e-03,   3.000e+02,   3.463e-01,   1.002e-01,   2.087e-01,   6.787e-01,   1.241e-02,   1.425e-16,   1.279e-17
   7.009e-03,   3.000e+02,   3.463e-01,   1.002e-01,   2.087e-01,   6.787e-01,   1.241e-02,   1.425e-16,   1.279e-17
   7.134e-03,   3.000e+02,   3.463e-01,   1.002e-01,   2.087e-01,   6.787e-01,   1.241e-02,   1.425e-16,   1.279e-17
   7.259e-03,   3.000e+02,   3.463e-01,   1.002e-01,   2.087e-01,   6.787e-01,   1.241e-02,   1.425e-16,   1.279e-17
   7.384e-03,   3.000e+02,   3.463e-01,   1.002e-01,   2.087e-01,   6.787e-01,   1.241e-02,   1.425e-16,   1.279e-17
   7.509e-03,   3.000e+02,   3.463e-01,   1.002e-01,   2.087e-01,   6.787e-01,   1.241e-02,   1.425e-16,   1.279e-17
   7.635e-03,   3.000e+02,   3.463e-01,   1.002e-01,   2.087e-01,   6.787e-01,   1.241e-02,   1.425e-16,   1.279e-17
   7.760e-03,   3.000e+02,   3.463e-01,   1.002e-01,   2.087e-01,   6.787e-01,   1.241e-02,   1.425e-16,   1.279e-17
   7.885e-03,   3.000e+02,   3.463e-01,   1.002e-01,   2.087e-01,   6.787e-01,   1.241e-02,   1.425e-16,   1.279e-17
   8.010e-03,   3.000e+02,   3.463e-01,   1.002e-01,   2.087e-01,   6.787e-01,   1.241e-02,   1.425e-16,   1.279e-17
   8.135e-03,   3.000e+02,   3.463e-01,   1.002e-01,   2.087e-01,   6.787e-01,   1.241e-02,   1.425e-16,   1.279e-17
   8.260e-03,   3.000e+02,   3.463e-01,   1.002e-01,   2.087e-01,   6.787e-01,   1.241e-02,   1.425e-16,   1.279e-17
   8.385e-03,   3.000e+02,   3.463e-01,   1.002e-01,   2.087e-01,   6.787e-01,   1.241e-02,   1.425e-16,   1.279e-17
   8.511e-03,   3.000e+02,   3.463e-01,   1.002e-01,   2.087e-01,   6.787e-01,   1.241e-02,   1.425e-16,   1.279e-17
   8.636e-03,   3.000e+02,   3.463e-01,   1.002e-01,   2.087e-01,   6.787e-01,   1.241e-02,   1.425e-16,   1.279e-17
   8.761e-03,   3.000e+02,   3.463e-01,   1.002e-01,   2.087e-01,   6.787e-01,   1.241e-02,   1.425e-16,   1.279e-17
   8.886e-03,   3.000e+02,   3.463e-01,   1.002e-01,   2.087e-01,   6.787e-01,   1.241e-02,   1.425e-16,   1.279e-17
   9.011e-03,   3.000e+02,   3.463e-01,   1.002e-01,   2.087e-01,   6.787e-01,   1.241e-02,   1.425e-16,   1.279e-17
   9.136e-03,   3.000e+02,   3.463e-01,   1.002e-01,   2.087e-01,   6.787e-01,   1.241e-02,   1.425e-16,   1.279e-17
   9.262e-03,   3.000e+02,   3.463e-01,   1.002e-01,   2.087e-01,   6.787e-01,   1.241e-02,   1.425e-16,   1.279e-17
   9.387e-03,   3.000e+02,   3.463e-01,   1.002e-01,   2.087e-01,   6.787e-01,   1.241e-02,   1.425e-16,   1.279e-17
   9.512e-03,   3.000e+02,   3.463e-01,   1.002e-01,   2.087e-01,   6.787e-01,   1.241e-02,   1.425e-16,   1.279e-17
   9.637e-03,   3.000e+02,   3.463e-01,   1.002e-01,   2.087e-01,   6.787e-01,   1.241e-02,   1.425e-16,   1.279e-17
   9.762e-03,   3.000e+02,   3.463e-01,   1.002e-01,   2.087e-01,   6.787e-01,   1.241e-02,   1.425e-16,   1.279e-17
   9.887e-03,   3.000e+02,   3.463e-01,   1.002e-01,   2.087e-01,   6.787e-01,   1.241e-02,   1.425e-16,   1.279e-17
   1.001e-02,   3.000e+02,   3.463e-01,   1.002e-01,   2.087e-01,   6.787e-01,   1.241e-02,   1.425e-16,   1.279e-17
   1.014e-02,   3.000e+02,   3.463e-01,   1.002e-01,   2.087e-01,   6.787e-01,   1.241e-02,   1.425e-16,   1.279e-17
   1.026e-02,   3.000e+02,   3.463e-01,   1.002e-01,   2.087e-01,   6.787e-01,   1.241e-02,   1.425e-16,   1.279e-17
   1.039e-02,   3.000e+02,   3.463e-01,   1.002e-01,   2.087e-01,   6.787e-01,   1.241e-02,   1.426e-16,   1.279e-17
   1.051e-02,   3.000e+02,   3.463e-01,   1.002e-01,   2.087e-01,   6.787e-01,   1.241e-02,   1.426e-16,   1.279e-17
   1.064e-02,   3.000e+02,   3.463e-01,   1.002e-01,   2.087e-01,   6.787e-01,   1.241e-02,   1.426e-16,   1.279e-17
   1.076e-02,   3.000e+02,   3.463e-01,   1.002e-01,   2.087e-01,   6.787e-01,   1.241e-02,   1.426e-16,   1.279e-17
   1.089e-02,   3.000e+02,   3.463e-01,   1.002e-01,   2.087e-01,   6.787e-01,   1.241e-02,   1.426e-16,   1.279e-17
   1.101e-02,   3.000e+02,   3.463e-01,   1.002e-01,   2.087e-01,   6.787e-01,   1.241e-02,   1.426e-16,   1.279e-17
   1.114e-02,   3.000e+02,   3.463e-01,   1.002e-01,   2.087e-01,   6.787e-01,   1.241e-02,   1.426e-16,   1.279e-17
   1.126e-02,   3.000e+02,   3.463e-01,   1.002e-01,   2.087e-01,   6.787e-01,   1.241e-02,   1.426e-16,   1.279e-17
   1.139e-02,   3.000e+02,   3.463e-01,   1.002e-01,   2.087e-01,   6.787e-01,   1.241e-02,   1.426e-16,   1.279e-17
   1.151e-02,   3.000e+02,   3.463e-01,   1.002e-01,   2.087e-01,   6.787e-01,   1.241e-02,   1.426e-16,   1.279e-17
   1.164e-02,   3.000e+02,   3.463e-01,   1.002e-01,   2.087e-01,   6.787e-01,   1.241e-02,   1.426e-16,   1.279e-17
   1.176e-02,   3.000e+02,   3.463e-01,   1.002e-01,   2.087e-01,   6.787e-01,   1.241e-02,   1.426e-16,   1.279e-17
   1.189e-02,   3.000e+02,   3.463e-01,   1.002e-01,   2.087e-01,   6.787e-01,   1.241e-02,   1.426e-16,   1.279e-17
   1.202e-02,   3.000e+02,   3.463e-01,   1.002e-01,   2.087e-01,   6.787e-01,   1.241e-02,   1.426e-16,   1.279e-17
   1.214e-02,   3.000e+02,   3.463e-01,   1.002e-01,   2.087e-01,   6.787e-01,   1.241e-02,   1.426e-16,   1.279e-17
   1.227e-02,   3.000e+02,   3.463e-01,   1.002e-01,   2.087e-01,   6.787e-01,   1.241e-02,   1.426e-16,   1.279e-17
   1.239e-02,   3.000e+02,   3.463e-01,   1.002e-01,   2.087e-01,   6.787e-01,   1.241e-02,   1.426e-16,   1.279e-17
   1.252e-02,   3.000e+02,   3.463e-01,   1.002e-01,   2.087e-01,   6.787e-01,   1.241e-02,   1.426e-16,   1.279e-17
   1.264e-02,   3.000e+02,   3.463e-01,   1.002e-01,   2.087e-01,   6.787e-01,   1.241e-02,   1.426e-16,   1.279e-17
   1.277e-02,   3.000e+02,   3.463e-01,   1.002e-01,   2.087e-01,   6.787e-01,   1.241e-02,   1.426e-16,   1.279e-17
   1.289e-02,   3.000e+02,   3.463e-01,   1.002e-01,   2.087e-01,   6.787e-01,   1.241e-02,   1.426e-16,   1.279e-17
   1.302e-02,   3.000e+02,   3.463e-01,   1.002e-01,   2.087e-01,   6.787e-01,   1.241e-02,   1.426e-16,   1.279e-17
   1.314e-02,   3.000e+02,   3.463e-01,   1.002e-01,   2.087e-01,   6.787e-01,   1.241e-02,   1.426e-16,   1.279e-17
   1.327e-02,   3.000e+02,   3.463e-01,   1.002e-01,   2.087e-01,   6.787e-01,   1.241e-02,   1.426e-16,   1.279e-17
   1.339e-02,   3.000e+02,   3.463e-01,   1.002e-01,   2.087e-01,   6.787e-01,   1.241e-02,   1.426e-16,   1.279e-17
   1.352e-02,   3.000e+02,   3.463e-01,   1.002e-01,   2.087e-01,   6.787e-01,   1.241e-02,   1.426e-16,   1.279e-17
   1.364e-02,   3.000e+02,   3.463e-01,   1.002e-01,   2.087e-01,   6.787e-01,   1.241e-02,   1.426e-16,   1.279e-17
   1.377e-02,   3.000e+02,   3.463e-01,   1.002e-01,   2.087e-01,   6.787e-01,   1.241e-02,   1.426e-16,   1.279e-17
   1.389e-02,   3.000e+02,   3.463e-01,   1.002e-01,   2.087e-01,   6.787e-01,   1.241e-02,   1.426e-16,   1.279e-17
   1.402e-02,   3.000e+02,   3.463e-01,   1.002e-01,   2.087e-01,   6.787e-01,   1.241e-02,   1.426e-16,   1.279e-17
   1.414e-02,   3.000e+02,   3.463e-01,   1.002e-01,   2.087e-01,   6.787e-01,   1.241e-02,   1.426e-16,   1.279e-17
   1.427e-02,   3.000e+02,   3.463e-01,   1.002e-01,   2.087e-01,   6.787e-01,   1.241e-02,   1.426e-16,   1.279e-17
   1.439e-02,   3.000e+02,   3.463e-01,   1.002e-01,   2.087e-01,   6.787e-01,   1.241e-02,   1.426e-16,   1.279e-17
   1.452e-02,   3.000e+02,   3.463e-01,   1.002e-01,   2.087e-01,   6.787e-01,   1.241e-02,   1.426e-16,   1.279e-17
   1.464e-02,   3.000e+02,   3.463e-01,   1.002e-01,   2.087e-01,   6.787e-01,   1.241e-02,   1.426e-16,   1.279e-17
   1.477e-02,   3.000e+02,   3.463e-01,   1.002e-01,   2.087e-01,   6.787e-01,   1.241e-02,   1.426e-16,   1.279e-17
   1.489e-02,   3.000e+02,   3.463e-01,   1.002e-01,   2.087e-01,   6.787e-01,   1.241e-02,   1.426e-16,   1.279e-17
   1.502e-02,   3.000e+02,   3.463e-01,   1.002e-01,   2.087e-01,   6.787e-01,   1.241e-02,   1.426e-16,   1.279e-17
   1.514e-02,   3.000e+02,   3.463e-01,   1.002e-01,   2.087e-01,   6.787e-01,   1.241e-02,   1.426e-16,   1.279e-17
   1.527e-02,   3.000e+02,   3.463e-01,   1.002e-01,   2.087e-01,   6.787e-01,   1.241e-02,   1.426e-16,   1.279e-17
   1.539e-02,   3.000e+02,   3.463e-01,   1.002e-01,   2.087e-01,   6.787e-01,   1.241e-02,   1.426e-16,   1.279e-17
   1.552e-02,   3.000e+02,   3.463e-01,   1.002e-01,   2.087e-01,   6.787e-01,   1.241e-02,   1.426e-16,   1.279e-17
   1.564e-02,   3.000e+02,   3.463e-01,   1.002e-01,   2.087e-01,   6.787e-01,   1.241e-02,   1.426e-16,   1.279e-17
   1.577e-02,   3.000e+02,   3.463e-01,   1.002e-01,   2.087e-01,   6.787e-01,   1.241e-02,   1.426e-16,   1.279e-17
   1.589e-02,   3.000e+02,   3.463e-01,   1.002e-01,   2.087e-01,   6.787e-01,   1.241e-02,   1.426e-16,   1.279e-17
   1.602e-02,   3.000e+02,   3.463e-01,   1.002e-01,   2.087e-01,   6.787e-01,   1.241e-02,   1.427e-16,   1.279e-17
   1.615e-02,   3.000e+02,   3.463e-01,   1.002e-01,   2.087e-01,   6.787e-01,   1.241e-02,   1.427e-16,   1.279e-17
   1.627e-02,   3.000e+02,   3.463e-01,   1.002e-01,   2.087e-01,   6.787e-01,   1.241e-02,   1.427e-16,   1.279e-17
   1.640e-02,   3.000e+02,   3.463e-01,   1.002e-01,   2.087e-01,   6.787e-01,   1.241e-02,   1.427e-16,   1.279e-17
   1.652e-02,   3.000e+02,   3.463e-01,   1.002e-01,   2.087e-01,   6.787e-01,   1.241e-02,   1.427e-16,   1.279e-17
   1.665e-02,   3.000e+02,   3.463e-01,   1.002e-01,   2.087e-01,   6.787e-01,   1.241e-02,   1.427e-16,   1.279e-17
   1.677e-02,   3.000e+02,   3.463e-01,   1.002e-01,   2.087e-01,   6.787e-01,   1.241e-02,   1.427e-16,   1.279e-17
   1.690e-02,   3.000e+02,   3.463e-01,   1.002e-01,   2.087e-01,   6.787e-01,   1.241e-02,   1.427e-16,   1.279e-17
   1.702e-02,   3.000e+02,   3.463e-01,   1.002e-01,   2.087e-01,   6.787e-01,   1.241e-02,   1.427e-16,   1.279e-17
   1.715e-02,   3.000e+02,   3.463e-01,   1.002e-01,   2.087e-01,   6.787e-01,   1.241e-02,   1.427e-16,   1.279e-17
   1.727e-02,   3.000e+02,   3.463e-01,   1.002e-01,   2.087e-01,   6.787e-01,   1.241e-02,   1.427e-16,   1.279e-17
   1.740e-02,   3.000e+02,   3.463e-01,   1.002e-01,   2.087e-01,   6.787e-01,   1.241e-02,   1.427e-16,   1.279e-17
   1.752e-02,   3.000e+02,   3.463e-01,   1.002e-01,   2.087e-01,   6.787e-01,   1.241e-02,   1.427e-16,   1.279e-17
   1.765e-02,   3.000e+02,   3.463e-01,   1.002e-01,   2.087e-01,   6.787e-01,   1.241e-02,   1.427e-16,   1.279e-17
   1.777e-02,   3.000e+02,   3.463e-01,   1.002e-01,   2.087e-01,   6.787e-01,   1.241e-02,   1.427e-16,   1.279e-17
   1.790e-02,   3.000e+02,   3.463e-01,   1.002e-01,   2.087e-01,   6.787e-01,   1.241e-02,   1.427e-16,   1.279e-17
   1.802e-02,   3.000e+02,   3.463e-01,   1.002e-01,   2.087e-01,   6.787e-01,   1.241e-02,   1.427e-16,   1.279e-17
   1.815e-02,   3.000e+02,   3.463e-01,   1.002e-01,   2.087e-01,   6.787e-01,   1.241e-02,   1.427e-16,   1.279e-17
   1.827e-02,   3.000e+02,   3.463e-01,   1.002e-01,   2.087e-01,   6.787e-01,   1.241e-02,   1.427e-16,   1.279e-17
   1.840e-02,   3.000e+02,   3.463e-01,   1.002e-01,   2.087e-01,   6.787e-01,   1.241e-02,   1.427e-16,   1.279e-17
   1.852e-02,   3.000e+02,   3.463e-01,   1.002e-01,   2.087e-01,   6.787e-01,   1.241e-02,   1.427e-16,   1.279e-17
   1.865e-02,   3.000e+02,   3.463e-01,   1.002e-01,   2.087e-01,   6.787e-01,   1.241e-02,   1.427e-16,   1.279e-17
   1.877e-02,   3.000e+02,   3.463e-01,   1.002e-01,   2.087e-01,   6.787e-01,   1.241e-02,   1.427e-16,   1.279e-17
   1.890e-02,   3.000e+02,   3.463e-01,   1.002e-01,   2.087e-01,   6.787e-01,   1.241e-02,   1.427e-16,   1.279e-17
   1.902e-02,   3.000e+02,   3.463e-01,   1.002e-01,   2.087e-01,   6.787e-01,   1.241e-02,   1.427e-16,   1.279e-17
   1.915e-02,   3.000e+02,   3.463e-01,   1.002e-01,   2.087e-01,   6.787e-01,   1.241e-02,   1.427e-16,   1.279e-17
   1.927e-02,   3.000e+02,   3.463e-01,   1.002e-01,   2.087e-01,   6.787e-01,   1.241e-02,   1.427e-16,   1.279e-17
   1.940e-02,   3.000e+02,   3.463e-01,   1.002e-01,   2.087e-01,   6.787e-01,   1.241e-02,   1.427e-16,   1.279e-17
   1.952e-02,   3.000e+02,   3.463e-01,   1.002e-01,   2.087e-01,   6.787e-01,   1.241e-02,   1.427e-16,   1.279e-17
   1.965e-02,   3.000e+02,   3.463e-01,   1.002e-01,   2.087e-01,   6.787e-01,   1.241e-02,   1.427e-16,   1.279e-17
   1.977e-02,   3.000e+02,   3.463e-01,   1.002e-01,   2.087e-01,   6.787e-01,   1.241e-02,   1.427e-16,   1.279e-17
   1.990e-02,   3.000e+02,   3.463e-01,   1.002e-01,   2.087e-01,   6.787e-01,   1.241e-02,   1.427e-16,   1.279e-17
   2.003e-02,   3.000e+02,   3.463e-01,   1.002e-01,   2.087e-01,   6.787e-01,   1.241e-02,   1.427e-16,   1.279e-17
   2.015e-02,   3.000e+02,   3.463e-01,   1.002e-01,   2.087e-01,   6.787e-01,   1.241e-02,   1.427e-16,   1.279e-17
   2.028e-02,   3.000e+02,   3.463e-01,   1.002e-01,   2.087e-01,   6.787e-01,   1.241e-02,   1.427e-16,   1.279e-17
   2.040e-02,   3.000e+02,   3.463e-01,   1.002e-01,   2.087e-01,   6.787e-01,   1.241e-02,   1.427e-16,   1.279e-17
   2.053e-02,   3.000e+02,   3.463e-01,   1.002e-01,   2.087e-01,   6.787e-01,   1.241e-02,   1.427e-16,   1.279e-17
   2.065e-02,   3.000e+02,   3.463e-01,   1.002e-01,   2.087e-01,   6.787e-01,   1.241e-02,   1.427e-16,   1.279e-17
   2.078e-02,   3.000e+02,   3.463e-01,   1.002e-01,   2.087e-01,   6.787e-01,   1.241e-02,   1.427e-16,   1.279e-17
   2.090e-02,   3.000e+02,   3.463e-01,   1.002e-01,   2.087e-01,   6.787e-01,   1.241e-02,   1.427e-16,   1.279e-17
   2.103e-02,   3.000e+02,   3.463e-01,   1.002e-01,   2.087e-01,   6.787e-01,   1.241e-02,   1.427e-16,   1.279e-17
   2.115e-02,   3.000e+02,   3.463e-01,   1.002e-01,   2.087e-01,   6.787e-01,   1.241e-02,   1.427e-16,   1.279e-17
   2.128e-02,   3.000e+02,   3.463e-01,   1.002e-01,   2.087e-01,   6.787e-01,   1.241e-02,   1.427e-16,   1.279e-17
   2.140e-02,   3.000e+02,   3.463e-01,   1.002e-01,   2.087e-01,   6.787e-01,   1.241e-02,   1.427e-16,   1.279e-17
   2.153e-02,   3.000e+02,   3.463e-01,   1.002e-01,   2.087e-01,   6.787e-01,   1.241e-02,   1.427e-16,   1.279e-17
   2.165e-02,   3.000e+02,   3.463e-01,   1.002e-01,   2.087e-01,   6.787e-01,   1.241e-02,   1.427e-16,   1.279e-17
   2.178e-02,   3.000e+02,   3.463e-01,   1.002e-01,   2.087e-01,   6.787e-01,   1.241e-02,   1.427e-16,   1.279e-17
   2.190e-02,   3.000e+02,   3.463e-01,   1.002e-01,   2.087e-01,   6.787e-01,   1.241e-02,   1.428e-16,   1.279e-17
   2.203e-02,   3.000e+02,   3.463e-01,   1.002e-01,   2.087e-01,   6.787e-01,   1.241e-02,   1.428e-16,   1.279e-17
   2.215e-02,   3.000e+02,   3.463e-01,   1.002e-01,   2.087e-01,   6.787e-01,   1.241e-02,   1.428e-16,   1.279e-17
   2.228e-02,   3.000e+02,   3.463e-01,   1.002e-01,   2.087e-01,   6.787e-01,   1.241e-02,   1.428e-16,   1.279e-17
   2.240e-02,   3.000e+02,   3.463e-01,   1.002e-01,   2.087e-01,   6.787e-01,   1.241e-02,   1.428e-16,   1.279e-17
   2.253e-02,   3.000e+02,   3.463e-01,   1.002e-01,   2.087e-01,   6.787e-01,   1.241e-02,   1.428e-16,   1.279e-17
   2.265e-02,   3.000e+02,   3.463e-01,   1.002e-01,   2.087e-01,   6.787e-01,   1.241e-02,   1.428e-16,   1.279e-17
   2.278e-02,   3.000e+02,   3.463e-01,   1.002e-01,   2.087e-01,   6.787e-01,   1.241e-02,   1.428e-16,   1.279e-17
   2.290e-02,   3.000e+02,   3.463e-01,   1.002e-01,   2.087e-01,   6.787e-01,   1.241e-02,   1.428e-16,   1.279e-17
   2.303e-02,   3.000e+02,   3.463e-01,   1.002e-01,   2.087e-01,   6.787e-01,   1.241e-02,   1.428e-16,   1.279e-17
   2.315e-02,   3.000e+02,   3.463e-01,   1.002e-01,   2.087e-01,   6.787e-01,   1.241e-02,   1.428e-16,   1.279e-17
   2.328e-02,   3.000e+02,   3.463e-01,   1.002e-01,   2.087e-01,   6.787e-01,   1.241e-02,   1.428e-16,   1.279e-17
   2.340e-02,   3.000e+02,   3.463e-01,   1.002e-01,   2.087e-01,   6.787e-01,   1.241e-02,   1.428e-16,   1.279e-17
   2.353e-02,   3.000e+02,   3.463e-01,   1.002e-01,   2.087e-01,   6.787e-01,   1.241e-02,   1.428e-16,   1.279e-17
   2.365e-02,   3.000e+02,   3.463e-01,   1.002e-01,   2.087e-01,   6.787e-01,   1.241e-02,   1.428e-16,   1.279e-17
   2.378e-02,   3.000e+02,   3.463e-01,   1.002e-01,   2.087e-01,   6.787e-01,   1.241e-02,   1.428e-16,   1.279e-17
   2.390e-02,   3.000e+02,   3.463e-01,   1.002e-01,   2.087e-01,   6.787e-01,   1.241e-02,   1.428e-16,   1.279e-17
   2.403e-02,   3.000e+02,   3.463e-01,   1.002e-01,   2.087e-01,   6.787e-01,   1.241e-02,   1.428e-16,   1.279e-17
   2.416e-02,   3.000e+02,   3.463e-01,   1.002e-01,   2.087e-01,   6.787e-01,   1.241e-02,   1.428e-16,   1.279e-17
   2.428e-02,   3.000e+02,   3.463e-01,   1.002e-01,   2.087e-01,   6.787e-01,   1.241e-02,   1.428e-16,   1.279e-17
   2.441e-02,   3.000e+02,   3.463e-01,   1.002e-01,   2.087e-01,   6.787e-01,   1.241e-02,   1.428e-16,   1.279e-17
   2.453e-02,   3.000e+02,   3.463e-01,   1.002e-01,   2.087e-01,   6.787e-01,   1.241e-02,   1.428e-16,   1.279e-17
   2.466e-02,   3.000e+02,   3.463e-01,   1.002e-01,   2.087e-01,   6.787e-01,   1.241e-02,   1.428e-16,   1.279e-17
   2.478e-02,   3.000e+02,   3.463e-01,   1.002e-01,   2.087e-01,   6.787e-01,   1.241e-02,   1.428e-16,   1.279e-17
   2.491e-02,   3.000e+02,   3.463e-01,   1.002e-01,   2.087e-01,   6.787e-01,   1.241e-02,   1.428e-16,   1.279e-17
   2.503e-02,   3.000e+02,   3.463e-01,   1.002e-01,   2.087e-01,   6.787e-01,   1.241e-02,   1.428e-16,   1.279e-17
   2.516e-02,   3.000e+02,   3.463e-01,   1.002e-01,   2.087e-01,   6.787e-01,   1.241e-02,   1.428e-16,   1.279e-17
   2.528e-02,   3.000e+02,   3.463e-01,   1.002e-01,   2.087e-01,   6.787e-01,   1.241e-02,   1.428e-16,   1.279e-17
   2.541e-02,   3.000e+02,   3.463e-01,   1.002e-01,   2.087e-01,   6.787e-01,   1.241e-02,   1.428e-16,   1.279e-17
   2.553e-02,   3.000e+02,   3.463e-01,   1.002e-01,   2.087e-01,   6.787e-01,   1.241e-02,   1.428e-16,   1.279e-17
   2.566e-02,   3.000e+02,   3.463e-01,   1.002e-01,   2.087e-01,   6.787e-01,   1.241e-02,   1.428e-16,   1.279e-17
   2.578e-02,   3.000e+02,   3.463e-01,   1.002e-01,   2.087e-01,   6.787e-01,   1.241e-02,   1.428e-16,   1.279e-17
   2.591e-02,   3.000e+02,   3.463e-01,   1.002e-01,   2.087e-01,   6.787e-01,   1.241e-02,   1.428e-16,   1.279e-17
   2.603e-02,   3.000e+02,   3.463e-01,   1.002e-01,   2.087e-01,   6.787e-01,   1.241e-02,   1.428e-16,   1.279e-17
   2.616e-02,   3.000e+02,   3.463e-01,   1.002e-01,   2.087e-01,   6.787e-01,   1.241e-02,   1.428e-16,   1.279e-17
   2.628e-02,   3.000e+02,   3.463e-01,   1.002e-01,   2.087e-01,   6.787e-01,   1.241e-02,   1.428e-16,   1.279e-17
   2.641e-02,   3.000e+02,   3.463e-01,   1.002e-01,   2.087e-01,   6.787e-01,   1.241e-02,   1.428e-16,   1.279e-17
   2.653e-02,   3.000e+02,   3.463e-01,   1.002e-01,   2.087e-01,   6.787e-01,   1.241e-02,   1.428e-16,   1.279e-17
   2.666e-02,   3.000e+02,   3.463e-01,   1.002e-01,   2.087e-01,   6.787e-01,   1.241e-02,   1.428e-16,   1.279e-17
   2.678e-02,   3.000e+02,   3.463e-01,   1.002e-01,   2.087e-01,   6.787e-01,   1.241e-02,   1.428e-16,   1.279e-17
   2.691e-02,   3.000e+02,   3.463e-01,   1.002e-01,   2.087e-01,   6.787e-01,   1.241e-02,   1.428e-16,   1.279e-17
   2.703e-02,   3.000e+02,   3.463e-01,   1.002e-01,   2.087e-01,   6.787e-01,   1.241e-02,   1.428e-16,   1.279e-17
   2.716e-02,   3.000e+02,   3.463e-01,   1.002e-01,   2.087e-01,   6.787e-01,   1.241e-02,   1.428e-16,   1.279e-17
   2.728e-02,   3.000e+02,   3.463e-01,   1.002e-01,   2.087e-01,   6.787e-01,   1.241e-02,   1.428e-16,   1.279e-17
   2.741e-02,   3.000e+02,   3.463e-01,   1.002e-01,   2.087e-01,   6.787e-01,   1.241e-02,   1.428e-16,   1.279e-17
   2.753e-02,   3.000e+02,   3.463e-01,   1.002e-01,   2.087e-01,   6.787e-01,   1.241e-02,   1.428e-16,   1.279e-17
   2.766e-02,   3.000e+02,   3.463e-01,   1.002e-01,   2.087e-01,   6.787e-01,   1.241e-02,   1.428e-16,   1.279e-17
   2.778e-02,   3.000e+02,   3.463e-01,   1.002e-01,   2.087e-01,   6.787e-01,   1.241e-02,   1.428e-16,   1.279e-17
   2.791e-02,   3.000e+02,   3.463e-01,   1.002e-01,   2.087e-01,   6.787e-01,   1.241e-02,   1.429e-16,   1.279e-17
   2.804e-02,   3.000e+02,   3.463e-01,   1.002e-01,   2.087e-01,   6.787e-01,   1.241e-02,   1.429e-16,   1.279e-17
   2.816e-02,   3.000e+02,   3.463e-01,   1.002e-01,   2.087e-01,   6.787e-01,   1.241e-02,   1.429e-16,   1.279e-17
   2.829e-02,   3.000e+02,   3.463e-01,   1.002e-01,   2.087e-01,   6.787e-01,   1.241e-02,   1.429e-16,   1.279e-17
   2.841e-02,   3.000e+02,   3.463e-01,   1.002e-01,   2.087e-01,   6.787e-01,   1.241e-02,   1.429e-16,   1.279e-17
   2.854e-02,   3.000e+02,   3.463e-01,   1.002e-01,   2.087e-01,   6.787e-01,   1.241e-02,   1.429e-16,   1.279e-17
   2.866e-02,   3.000e+02,   3.463e-01,   1.002e-01,   2.087e-01,   6.787e-01,   1.241e-02,   1.429e-16,   1.279e-17
   2.879e-02,   3.000e+02,   3.463e-01,   1.002e-01,   2.087e-01,   6.787e-01,   1.241e-02,   1.429e-16,   1.279e-17
   2.891e-02,   3.000e+02,   3.463e-01,   1.002e-01,   2.087e-01,   6.787e-01,   1.241e-02,   1.429e-16,   1.279e-17
   2.904e-02,   3.000e+02,   3.463e-01,   1.002e-01,   2.087e-01,   6.787e-01,   1.241e-02,   1.429e-16,   1.279e-17
   2.916e-02,   3.000e+02,   3.463e-01,   1.002e-01,   2.087e-01,   6.787e-01,   1.241e-02,   1.429e-16,   1.279e-17
   2.929e-02,   3.000e+02,   3.463e-01,   1.002e-01,   2.087e-01,   6.787e-01,   1.241e-02,   1.429e-16,   1.279e-17
   2.941e-02,   3.000e+02,   3.463e-01,   1.002e-01,   2.087e-01,   6.787e-01,   1.241e-02,   1.429e-16,   1.279e-17
   2.954e-02,   3.000e+02,   3.463e-01,   1.002e-01,   2.087e-01,   6.787e-01,   1.241e-02,   1.429e-16,   1.279e-17
   2.966e-02,   3.000e+02,   3.463e-01,   1.002e-01,   2.087e-01,   6.787e-01,   1.241e-02,   1.429e-16,   1.279e-17
   2.979e-02,   3.000e+02,   3.463e-01,   1.002e-01,   2.087e-01,   6.787e-01,   1.241e-02,   1.429e-16,   1.279e-17
   2.991e-02,   3.000e+02,   3.463e-01,   1.002e-01,   2.087e-01,   6.787e-01,   1.241e-02,   1.429e-16,   1.279e-17
   3.004e-02,   3.000e+02,   3.463e-01,   1.002e-01,   2.087e-01,   6.787e-01,   1.241e-02,   1.429e-16,   1.279e-17
   3.016e-02,   3.000e+02,   3.463e-01,   1.002e-01,   2.087e-01,   6.787e-01,   1.241e-02,   1.429e-16,   1.279e-17
   3.029e-02,   3.000e+02,   3.463e-01,   1.002e-01,   2.087e-01,   6.787e-01,   1.241e-02,   1.429e-16,   1.279e-17
   3.041e-02,   3.000e+02,   3.463e-01,   1.002e-01,   2.087e-01,   6.787e-01,   1.241e-02,   1.429e-16,   1.279e-17
   3.054e-02,   3.000e+02,   3.463e-01,   1.002e-01,   2.087e-01,   6.787e-01,   1.241e-02,   1.429e-16,   1.279e-17
   3.066e-02,   3.000e+02,   3.463e-01,   1.002e-01,   2.087e-01,   6.787e-01,   1.241e-02,   1.429e-16,   1.279e-17
   3.079e-02,   3.000e+02,   3.463e-01,   1.002e-01,   2.087e-01,   6.787e-01,   1.241e-02,   1.429e-16,   1.280e-17
   3.091e-02,   3.000e+02,   3.463e-01,   1.002e-01,   2.087e-01,   6.787e-01,   1.241e-02,   1.429e-16,   1.280e-17
   3.104e-02,   3.000e+02,   3.463e-01,   1.002e-01,   2.087e-01,   6.787e-01,   1.241e-02,   1.429e-16,   1.281e-17
   3.116e-02,   3.000e+02,   3.463e-01,   1.002e-01,   2.087e-01,   6.787e-01,   1.241e-02,   1.429e-16,   1.282e-17
   3.129e-02,   3.000e+02,   3.463e-01,   1.002e-01,   2.087e-01,   6.787e-01,   1.241e-02,   1.429e-16,   1.284e-17
   3.141e-02,   3.000e+02,   3.463e-01,   1.002e-01,   2.087e-01,   6.787e-01,   1.241e-02,   1.429e-16,   1.287e-17
   3.154e-02,   3.000e+02,   3.463e-01,   1.002e-01,   2.087e-01,   6.787e-01,   1.241e-02,   1.429e-16,   1.292e-17
   3.166e-02,   3.000e+02,   3.463e-01,   1.002e-01,   2.087e-01,   6.787e-01,   1.241e-02,   1.429e-16,   1.299e-17
   3.179e-02,   3.000e+02,   3.463e-01,   1.002e-01,   2.087e-01,   6.787e-01,   1.241e-02,   1.429e-16,   1.311e-17
   3.191e-02,   3.000e+02,   3.463e-01,   1.002e-01,   2.087e-01,   6.787e-01,   1.241e-02,   1.429e-16,   1.329e-17
   3.204e-02,   3.000e+02,   3.463e-01,   1.002e-01,   2.087e-01,   6.787e-01,   1.241e-02,   1.430e-16,   1.357e-17
   3.217e-02,   3.000e+02,   3.463e-01,   1.002e-01,   2.087e-01,   6.787e-01,   1.241e-02,   1.430e-16,   1.397e-17
   3.229e-02,   3.000e+02,   3.463e-01,   1.002e-01,   2.087e-01,   6.787e-01,   1.241e-02,   1.430e-16,   1.457e-17
   3.242e-02,   3.000e+02,   3.463e-01,   1.002e-01,   2.087e-01,   6.787e-01,   1.241e-02,   1.431e-16,   1.544e-17
   3.254e-02,   3.000e+02,   3.463e-01,   1.002e-01,   2.087e-01,   6.787e-01,   1.241e-02,   1.432e-16,   1.668e-17
   3.267e-02,   3.000e+02,   3.463e-01,   1.002e-01,   2.087e-01,   6.787e-01,   1.241e-02,   1.433e-16,   1.844e-17
   3.279e-02,   3.000e+02,   3.463e-01,   1.002e-01,   2.087e-01,   6.787e-01,   1.241e-02,   1.435e-16,   2.090e-17
   3.292e-02,   3.000e+02,   3.463e-01,   1.002e-01,   2.087e-01,   6.787e-01,   1.241e-02,   1.437e-16,   2.432e-17
   3.304e-02,   3.000e+02,   3.463e-01,   1.002e-01,   2.087e-01,   6.787e-01,   1.241e-02,   1.440e-16,   2.900e-17
   3.317e-02,   3.000e+02,   3.463e-01,   1.002e-01,   2.087e-01,   6.787e-01,   1.241e-02,   1.444e-16,   3.536e-17
   3.329e-02,   3.000e+02,   3.463e-01,   1.002e-01,   2.087e-01,   6.787e-01,   1.241e-02,   1.450e-16,   4.391e-17
   3.342e-02,   3.000e+02,   3.463e-01,   1.002e-01,   2.087e-01,   6.787e-01,   1.241e-02,   1.457e-16,   5.530e-17
   3.354e-02,   3.000e+02,   3.463e-01,   1.002e-01,   2.087e-01,   6.787e-01,   1.241e-02,   1.467e-16,   7.032e-17
   3.367e-02,   3.000e+02,   3.463e-01,   1.002e-01,   2.087e-01,   6.787e-01,   1.241e-02,   1.480e-16,   8.998e-17
   3.379e-02,   3.000e+02,   3.463e-01,   1.002e-01,   2.087e-01,   6.787e-01,   1.241e-02,   1.496e-16,   1.155e-16
   3.392e-02,   3.000e+02,   3.463e-01,   1.002e-01,   2.087e-01,   6.787e-01,   1.241e-02,   1.518e-16,   1.483e-16
   3.404e-02,   3.000e+02,   3.463e-01,   1.002e-01,   2.087e-01,   6.787e-01,   1.241e-02,   1.545e-16,   1.902e-16
   3.417e-02,   3.000e+02,   3.463e-01,   1.002e-01,   2.087e-01,   6.787e-01,   1.241e-02,   1.580e-16,   2.433e-16
   3.429e-02,   3.000e+02,   3.463e-01,   1.002e-01,   2.087e-01,   6.787e-01,   1.241e-02,   1.623e-16,   3.101e-16
   3.442e-02,   3.000e+02,   3.463e-01,   1.002e-01,   2.087e-01,   6.787e-01,   1.241e-02,   1.677e-16,   3.935e-16
   3.454e-02,   3.000e+02,   3.463e-01,   1.002e-01,   2.087e-01,   6.787e-01,   1.241e-02,   1.745e-16,   4.969e-16
   3.467e-02,   3.000e+02,   3.463e-01,   1.002e-01,   2.087e-01,   6.787e-01,   1.241e-02,   1.828e-16,   6.245e-16
   3.479e-02,   3.000e+02,   3.463e-01,   1.002e-01,   2.087e-01,   6.787e-01,   1.241e-02,   1.929e-16,   7.807e-16
   3.492e-02,   3.000e+02,   3.463e-01,   1.002e-01,   2.087e-01,   6.787e-01,   1.241e-02,   2.053e-16,   9.708e-16
   3.504e-02,   3.000e+02,   3.463e-01,   1.002e-01,   2.087e-01,   6.787e-01,   1.241e-02,   2.203e-16,   1.201e-15
   3.517e-02,   3.000e+02,   3.463e-01,   1.002e-01,   2.087e-01,   6.787e-01,   1.241e-02,   2.383e-16,   1.478e-15
   3.529e-02,   3.000e+02,   3.463e-01,   1.002e-01,   2.087e-01,   6.787e-01,   1.241e-02,   2.599e-16,   1.809e-15
   3.542e-02,   3.000e+02,   3.463e-01,   1.002e-01,   2.087e-01,   6.787e-01,   1.241e-02,   2.856e-16,   2.204e-15
   3.554e-02,   3.000e+02,   3.463e-01,   1.002e-01,   2.087e-01,   6.787e-01,   1.241e-02,   3.160e-16,   2.671e-15
   3.567e-02,   3.000e+02,   3.463e-01,   1.002e-01,   2.087e-01,   6.787e-01,   1.241e-02,   3.518e-16,   3.221e-15
   3.579e-02,   3.000e+02,   3.463e-01,   1.002e-01,   2.087e-01,   6.787e-01,   1.241e-02,   3.938e-16,   3.867e-15
   3.592e-02,   3.000e+02,   3.463e-01,   1.002e-01,   2.087e-01,   6.787e-01,   1.241e-02,   4.429e-16,   4.620e-15
   3.605e-02,   3.000e+02,   3.463e-01,   1.002e-01,   2.087e-01,   6.787e-01,   1.241e-02,   4.999e-16,   5.496e-15
   3.617e-02,   3.000e+02,   3.463e-01,   1.002e-01,   2.087e-01,   6.787e-01,   1.241e-02,   5.658e-16,   6.509e-15
   3.630e-02,   3.000e+02,   3.463e-01,   1.002e-01,   2.087e-01,   6.787e-01,   1.241e-02,   6.418e-16,   7.677e-15
   3.642e-02,   3.000e+02,   3.463e-01,   1.002e-01,   2.087e-01,   6.787e-01,   1.241e-02,   7.290e-16,   9.016e-15
   3.655e-02,   3.000e+02,   3.463e-01,   1.002e-01,   2.087e-01,   6.787e-01,   1.241e-02,   8.286e-16,   1.055e-14
   3.667e-02,   3.000e+02,   3.463e-01,   1.002e-01,   2.087e-01,   6.787e-01,   1.241e-02,   9.421e-16,   1.229e-14
   3.680e-02,   3.000e+02,   3.463e-01,   1.002e-01,   2.087e-01,   6.787e-01,   1.241e-02,   1.071e-15,   1.427e-14
   3.692e-02,   3.000e+02,   3.463e-01,   1.002e-01,   2.087e-01,   6.787e-01,   1.241e-02,   1.216e-15,   1.650e-14
   3.705e-02,   3.000e+02,   3.463e-01,   1.002e-01,   2.087e-01,   6.787e-01,   1.241e-02,   1.380e-15,   1.902e-14
   3.717e-02,   3.000e+02,   3.463e-01,   1.002e-01,   2.087e-01,   6.787e-01,   1.241e-02,   1.564e-15,   2.184e-14
   3.730e-02,   3.000e+02,   3.463e-01,   1.002e-01,   2.087e-01,   6.787e-01,   1.241e-02,   1.769e-15,   2.500e-14
   3.742e-02,   3.000e+02,   3.463e-01,   1.002e-01,   2.087e-01,   6.787e-01,   1.241e-02,   1.999e-15,   2.852e-14
   3.755e-02,   3.000e+02,   3.463e-01,   1.002e-01,   2.087e-01,   6.787e-01,   1.241e-02,   2.253e-15,   3.244e-14
   3.767e-02,   3.000e+02,   3.463e-01,   1.002e-01,   2.087e-01,   6.787e-01,   1.241e-02,   2.536e-15,   3.677e-14
   3.780e-02,   3.000e+02,   3.463e-01,   1.002e-01,   2.087e-01,   6.787e-01,   1.241e-02,   2.848e-15,   4.157e-14
   3.792e-02,   3.000e+02,   3.463e-01,   1.002e-01,   2.087e-01,   6.787e-01,   1.241e-02,   3.191e-15,   4.685e-14
   3.805e-02,   3.000e+02,   3.463e-01,   1.002e-01,   2.087e-01,   6.787e-01,   1.241e-02,   3.569e-15,   5.265e-14
   3.817e-02,   3.000e+02,   3.463e-01,   1.002e-01,   2.087e-01,   6.787e-01,   1.241e-02,   3.983e-15,   5.900e-14
   3.830e-02,   3.000e+02,   3.463e-01,   1.002e-01,   2.087e-01,   6.787e-01,   1.241e-02,   4.434e-15,   6.594e-14
   3.842e-02,   3.000e+02,   3.463e-01,   1.002e-01,   2.087e-01,   6.787e-01,   1.241e-02,   4.927e-15,   7.350e-14
   3.855e-02,   3.000e+02,   3.463e-01,   1.002e-01,   2.087e-01,   6.787e-01,   1.241e-02,   5.462e-15,   8.172e-14
   3.867e-02,   3.000e+02,   3.463e-01,   1.002e-01,   2.087e-01,   6.787e-01,   1.241e-02,   6.042e-15,   9.063e-14
   3.880e-02,   3.000e+02,   3.463e-01,   1.002e-01,   2.087e-01,   6.787e-01,   1.241e-02,   6.669e-15,   1.003e-13
   3.892e-02,   3.000e+02,   3.463e-01,   1.002e-01,   2.087e-01,   6.787e-01,   1.241e-02,   7.345e-15,   1.107e-13
   3.905e-02,   3.000e+02,   3.463e-01,   1.002e-01,   2.087e-01,   6.787e-01,   1.241e-02,   8.073e-15,   1.218e-13
   3.917e-02,   3.000e+02,   3.463e-01,   1.002e-01,   2.087e-01,   6.787e-01,   1.241e-02,   8.854e-15,   1.338e-13
   3.930e-02,   3.000e+02,   3.463e-01,   1.002e-01,   2.087e-01,   6.787e-01,   1.241e-02,   9.691e-15,   1.467e-13
   3.942e-02,   3.000e+02,   3.463e-01,   1.002e-01,   2.087e-01,   6.787e-01,   1.241e-02,   1.058e-14,   1.604e-13
   3.955e-02,   3.000e+02,   3.463e-01,   1.002e-01,   2.087e-01,   6.787e-01,   1.241e-02,   1.154e-14,   1.751e-13
   3.967e-02,   3.000e+02,   3.463e-01,   1.002e-01,   2.087e-01,   6.787e-01,   1.241e-02,   1.255e-14,   1.906e-13
   3.980e-02,   3.000e+02,   3.463e-01,   1.002e-01,   2.087e-01,   6.787e-01,   1.241e-02,   1.363e-14,   2.071e-13
   3.992e-02,   3.000e+02,   3.463e-01,   1.002e-01,   2.087e-01,   6.787e-01,   1.241e-02,   1.476e-14,   2.246e-13
   4.005e-02,   3.000e+02,   3.463e-01,   1.002e-01,   2.087e-01,   6.787e-01,   1.241e-02,   1.596e-14,   2.430e-13
   4.018e-02,   3.000e+02,   3.463e-01,   1.002e-01,   2.087e-01,   6.787e-01,   1.241e-02,   1.723e-14,   2.624e-13
   4.030e-02,   3.000e+02,   3.463e-01,   1.002e-01,   2.087e-01,   6.787e-01,   1.241e-02,   1.856e-14,   2.828e-13
   4.043e-02,   3.000e+02,   3.463e-01,   1.002e-01,   2.087e-01,   6.787e-01,   1.241e-02,   1.995e-14,   3.042e-13
   4.055e-02,   3.000e+02,   3.463e-01,   1.002e-01,   2.087e-01,   6.787e-01,   1.241e-02,   2.140e-14,   3.265e-13
   4.068e-02,   3.000e+02,   3.463e-01,   1.002e-01,   2.087e-01,   6.787e-01,   1.241e-02,   2.291e-14,   3.498e-13
   4.080e-02,   3.000e+02,   3.463e-01,   1.002e-01,   2.087e-01,   6.787e-01,   1.241e-02,   2.449e-14,   3.739e-13
   4.093e-02,   3.000e+02,   3.463e-01,   1.002e-01,   2.087e-01,   6.787e-01,   1.241e-02,   2.611e-14,   3.989e-13
   4.105e-02,   3.000e+02,   3.463e-01,   1.002e-01,   2.087e-01,   6.787e-01,   1.241e-02,   2.779e-14,   4.247e-13
   4.118e-02,   3.000e+02,   3.463e-01,   1.002e-01,   2.087e-01,   6.787e-01,   1.241e-02,   2.952e-14,   4.513e-13
   4.130e-02,   3.000e+02,   3.463e-01,   1.002e-01,   2.087e-01,   6.787e-01,   1.241e-02,   3.129e-14,   4.784e-13
   4.143e-02,   3.000e+02,   3.463e-01,   1.002e-01,   2.087e-01,   6.787e-01,   1.241e-02,   3.309e-14,   5.061e-13
   4.155e-02,   3.000e+02,   3.463e-01,   1.002e-01,   2.087e-01,   6.787e-01,   1.241e-02,   3.492e-14,   5.341e-13
   4.168e-02,   3.000e+02,   3.463e-01,   1.002e-01,   2.087e-01,   6.787e-01,   1.241e-02,   3.676e-14,   5.624e-13
   4.180e-02,   3.000e+02,   3.463e-01,   1.002e-01,   2.087e-01,   6.787e-01,   1.241e-02,   3.861e-14,   5.908e-13
   4.193e-02,   3.000e+02,   3.463e-01,   1.002e-01,   2.087e-01,   6.787e-01,   1.241e-02,   4.045e-14,   6.190e-13
   4.205e-02,   3.000e+02,   3.463e-01,   1.002e-01,   2.087e-01,   6.787e-01,   1.241e-02,   4.226e-14,   6.469e-13
   4.218e-02,   3.000e+02,   3.463e-01,   1.002e-01,   2.087e-01,   6.787e-01,   1.241e-02,   4.403e-14,   6.740e-13
   4.230e-02,   3.000e+02,   3.463e-01,   1.002e-01,   2.087e-01,   6.787e-01,   1.241e-02,   4.573e-14,   7.002e-13
   4.243e-02,   3.000e+02,   3.463e-01,   1.002e-01,   2.087e-01,   6.787e-01,   1.241e-02,   4.735e-14,   7.250e-13
   4.255e-02,   3.000e+02,   3.463e-01,   1.002e-01,   2.087e-01,   6.787e-01,   1.241e-02,   4.885e-14,   7.480e-13
   4.268e-02,   3.000e+02,   3.463e-01,   1.002e-01,   2.087e-01,   6.787e-01,   1.241e-02,   5.021e-14,   7.689e-13
   4.280e-02,   3.000e+02,   3.463e-01,   1.002e-01,   2.087e-01,   6.787e-01,   1.241e-02,   5.139e-14,   7.869e-13
   4.293e-02,   3.000e+02,   3.463e-01,   1.002e-01,   2.087e-01,   6.787e-01,   1.241e-02,   5.235e-14,   8.017e-13
   4.305e-02,   3.000e+02,   3.463e-01,   1.002e-01,   2.087e-01,   6.787e-01,   1.241e-02,   5.304e-14,   8.124e-13
   4.318e-02,   3.000e+02,   3.463e-01,   1.002e-01,   2.087e-01,   6.787e-01,   1.241e-02,   5.344e-14,   8.184e-13
   4.330e-02,   3.000e+02,   3.463e-01,   1.002e-01,   2.087e-01,   6.787e-01,   1.241e-02,   5.346e-14,   8.188e-13
   4.343e-02,   3.000e+02,   3.463e-01,   1.002e-01,   2.087e-01,   6.787e-01,   1.241e-02,   5.307e-14,   8.128e-13
   4.355e-02,   3.000e+02,   3.463e-01,   1.002e-01,   2.087e-01,   6.787e-01,   1.241e-02,   5.219e-14,   7.993e-13
   4.368e-02,   3.000e+02,   3.463e-01,   1.002e-01,   2.087e-01,   6.787e-01,   1.241e-02,   5.076e-14,   7.773e-13
   4.380e-02,   3.000e+02,   3.463e-01,   1.002e-01,   2.087e-01,   6.787e-01,   1.241e-02,   4.868e-14,   7.454e-13
   4.393e-02,   3.000e+02,   3.463e-01,   1.002e-01,   2.087e-01,   6.787e-01,   1.241e-02,   4.588e-14,   7.025e-13
   4.406e-02,   3.000e+02,   3.463e-01,   1.002e-01,   2.087e-01,   6.787e-01,   1.241e-02,   4.227e-14,   6.469e-13
   4.418e-02,   3.000e+02,   3.463e-01,   1.002e-01,   2.087e-01,   6.787e-01,   1.241e-02,   3.772e-14,   5.772e-13
   4.431e-02,   3.000e+02,   3.463e-01,   1.002e-01,   2.087e-01,   6.787e-01,   1.241e-02,   3.214e-14,   4.916e-13
   4.443e-02,   3.000e+02,   3.463e-01,   1.002e-01,   2.087e-01,   6.787e-01,   1.241e-02,   2.540e-14,   3.882e-13
   4.456e-02,   3.000e+02,   3.463e-01,   1.002e-01,   2.087e-01,   6.787e-01,   1.241e-02,   1.737e-14,   2.649e-13
   4.468e-02,   3.000e+02,   3.463e-01,   1.002e-01,   2.087e-01,   6.787e-01,   1.241e-02,   7.903e-15,   1.197e-13
   4.481e-02,   3.000e+02,   3.463e-01,   1.002e-01,   2.087e-01,   6.787e-01,   1.241e-02,  -3.157e-15,  -5.000e-14
   4.493e-02,   3.000e+02,   3.463e-01,   1.002e-01,   2.087e-01,   6.787e-01,   1.241e-02,  -1.598e-14,  -2.466e-13
   4.506e-02,   3.000e+02,   3.463e-01,   1.002e-01,   2.087e-01,   6.787e-01,   1.241e-02,  -3.073e-14,  -4.729e-13
   4.518e-02,   3.000e+02,   3.463e-01,   1.002e-01,   2.087e-01,   6.787e-01,   1.241e-02,  -4.762e-14,  -7.319e-13
   4.531e-02,   3.000e+02,   3.463e-01,   1.002e-01,   2.087e-01,   6.787e-01,   1.241e-02,  -6.684e-14,  -1.027e-12
   4.543e-02,   3.000e+02,   3.463e-01,   1.002e-01,   2.087e-01,   6.787e-01,   1.241e-02,  -8.861e-14,  -1.360e-12
   4.556e-02,   3.000e+02,   3.463e-01,   1.002e-01,   2.087e-01,   6.787e-01,   1.241e-02,  -1.132e-13,  -1.737e-12
   4.568e-02,   3.000e+02,   3.463e-01,   1.002e-01,   2.087e-01,   6.787e-01,   1.241e-02,  -1.408e-13,  -2.160e-12
   4.581e-02,   3.000e+02,   3.463e-01,   1.002e-01,   2.087e-01,   6.787e-01,   1.241e-02,  -1.716e-13,  -2.633e-12
   4.593e-02,   3.000e+02,   3.463e-01,   1.002e-01,   2.087e-01,   6.787e-01,   1.241e-02,  -2.061e-13,  -3.161e-12
   4.606e-02,   3.000e+02,   3.463e-01,   1.002e-01,   2.087e-01,   6.787e-01,   1.241e-02,  -2.444e-13,  -3.748e-12
   4.618e-02,   3.000e+02,   3.463e-01,   1.002e-01,   2.087e-01,   6.787e-01,   1.241e-02,  -2.868e-13,  -4.399e-12
   4.631e-02,   3.000e+02,   3.463e-01,   1.002e-01,   2.087e-01,   6.787e-01,   1.241e-02,  -3.335e-13,  -5.118e-12
   4.643e-02,   3.000e+02,   3.463e-01,   1.002e-01,   2.087e-01,   6.787e-01,   1.241e-02,  -3.846e-13,  -5.911e-12
   4.656e-02,   3.000e+02,   3.463e-01,   1.002e-01,   2.087e-01,   6.787e-01,   1.241e-02,  -4.392e-13,  -6.781e-12
   4.668e-02,   3.000e+02,   3.463e-01,   1.002e-01,   2.087e-01,   6.787e-01,   1.241e-02,  -4.943e-13,  -7.729e-12
   4.681e-02,   3.000e+02,   3.463e-01,   1.002e-01,   2.087e-01,   6.787e-01,   1.241e-02,  -5.391e-13,  -8.747e-12
   4.693e-02,   3.000e+02,   3.463e-01,   1.002e-01,   2.087e-01,   6.787e-01,   1.241e-02,  -5.384e-13,  -9.795e-12
   4.706e-02,   3.000e+02,   3.463e-01,   1.002e-01,   2.087e-01,   6.787e-01,   1.241e-02,  -3.801e-13,  -1.073e-11
   4.718e-02,   3.000e+02,   3.463e-01,   1.002e-01,   2.087e-01,   6.787e-01,   1.241e-02,   2.943e-13,  -1.111e-11
   4.731e-02,   3.000e+02,   3.463e-01,   1.002e-01,   2.087e-01,   6.787e-01,   1.241e-02,   2.625e-12,  -9.463e-12
   4.743e-02,   3.000e+02,   3.463e-01,   1.002e-01,   2.087e-01,   6.787e-01,   1.241e-02,   1.024e-11,  -1.126e-12
   4.756e-02,   3.000e+02,   3.463e-01,   1.002e-01,   2.087e-01,   6.787e-01,   1.241e-02,   3.469e-11,   2.875e-11
   4.768e-02,   3.000e+02,   3.463e-01,   1.002e-01,   2.087e-01,   6.787e-01,   1.241e-02,   1.127e-10,   1.274e-10
   4.781e-02,   3.000e+02,   3.463e-01,   1.002e-01,   2.087e-01,   6.787e-01,   1.241e-02,   3.611e-10,   4.451e-10
   4.793e-02,   3.000e+02,   3.463e-01,   1.002e-01,   2.087e-01,   6.787e-01,   1.241e-02,   1.151e-09,   1.460e-09
   4.806e-02,   3.000e+02,   3.463e-01,   1.002e-01,   2.087e-01,   6.787e-01,   1.241e-02,   3.665e-09,   4.693e-09
   4.819e-02,   3.000e+02,   3.463e-01,   1.002e-01,   2.087e-01,   6.787e-01,   1.241e-02,   1.166e-08,   1.498e-08
   4.831e-02,   3.000e+02,   3.463e-01,   1.002e-01,   2.087e-01,   6.787e-01,   1.241e-02,   3.710e-08,   4.771e-08
   4.844e-02,   3.000e+02,   3.463e-01,   1.002e-01,   2.087e-01,   6.787e-01,   1.241e-02,   1.180e-07,   1.518e-07
   4.856e-02,   3.000e+02,   3.464e-01,   1.002e-01,   2.087e-01,   6.787e-01,   1.241e-02,   3.754e-07,   4.830e-07
   4.869e-02,   3.000e+02,   3.464e-01,   1.002e-01,   2.087e-01,   6.787e-01,   1.241e-02,   1.194e-06,   1.536e-06
   4.881e-02,   3.001e+02,   3.464e-01,   1.002e-01,   2.087e-01,   6.787e-01,   1.241e-02,   3.797e-06,   4.886e-06
   4.894e-02,   3.002e+02,   3.466e-01,   1.002e-01,   2.087e-01,   6.787e-01,   1.241e-02,   1.207e-05,   1.554e-05
   4.906e-02,   3.007e+02,   3.471e-01,   1.001e-01,   2.086e-01,   6.787e-01,   1.241e-02,   3.836e-05,   4.937e-05
   4.919e-02,   3.021e+02,   3.489e-01,   9.997e-02,   2.084e-01,   6.787e-01,   1.241e-02,   1.216e-04,   1.565e-04
   4.931e-02,   3.068e+02,   3.544e-01,   9.948e-02,   2.078e-01,   6.787e-01,   1.241e-02,   3.824e-04,   4.920e-04
   4.944e-02,   3.210e+02,   3.714e-01,   9.797e-02,   2.058e-01,   6.787e-01,   1.241e-02,   1.175e-03,   1.512e-03
   4.956e-02,   3.624e+02,   4.211e-01,   9.378e-02,   2.004e-01,   6.787e-01,   1.241e-02,   3.386e-03,   4.358e-03
   4.969e-02,   4.677e+02,   5.486e-01,   8.397e-02,   1.877e-01,   6.787e-01,   1.241e-02,   8.555e-03,   1.101e-02
   4.981e-02,   6.839e+02,   8.165e-01,   6.577e-02,   1.640e-01,   6.787e-01,   1.241e-02,   1.817e-02,   2.338e-02
   4.994e-02,   1.042e+03,   1.277e+00,   3.764e-02,   1.271e-01,   6.787e-01,   1.241e-02,   3.317e-02,   4.273e-02
   5.000e-02,   1.272e+03,   1.588e+00,   1.982e-02,   1.011e-01,   6.787e-01,   1.241e-02,   4.357e-02,   5.685e-02
   5.006e-02,   1.494e+03,   1.895e+00,   6.323e-03,   7.446e-02,   6.787e-01,   1.241e-02,   5.269e-02,   7.316e-02
   5.019e-02,   1.749e+03,   2.239e+00,   3.315e-04,   3.980e-02,   6.787e-01,   1.241e-02,   5.078e-02,   1.062e-01
   5.031e-02,   1.849e+03,   2.359e+00,   1.361e-05,   2.909e-02,   6.787e-01,   1.241e-02,   4.160e-02,   1.253e-01
   5.044e-02,   1.908e+03,   2.425e+00,   5.158e-07,   2.470e-02,   6.787e-01,   1.241e-02,   3.564e-02,   1.353e-01
   5.056e-02,   1.950e+03,   2.470e+00,   1.858e-08,   2.220e-02,   6.787e-01,   1.241e-02,   3.203e-02,   1.411e-01
   5.069e-02,   1.982e+03,   2.504e+00,   6.407e-10,   2.047e-02,   6.787e-01,   1.241e-02,   2.964e-02,   1.449e-01
   5.081e-02,   2.006e+03,   2.531e+00,   2.119e-11,   1.916e-02,   6.787e-01,   1.241e-02,   2.789e-02,   1.476e-01
   5.094e-02,   2.027e+03,   2.552e+00,   6.742e-13,   1.810e-02,   6.787e-01,   1.241e-02,   2.650e-02,   1.498e-01
   5.106e-02,   2.044e+03,   2.570e+00,   2.070e-14,   1.722e-02,   6.787e-01,   1.241e-02,   2.534e-02,   1.516e-01
   5.119e-02,   2.058e+03,   2.585e+00,   6.182e-16,   1.646e-02,   6.787e-01,   1.241e-02,   2.434e-02,   1.532e-01
   5.131e-02,   2.070e+03,   2.598e+00,   1.847e-17,   1.580e-02,   6.787e-01,   1.241e-02,   2.347e-02,   1.546e-01
   5.144e-02,   2.081e+03,   2.610e+00,   6.225e-19,   1.522e-02,   6.787e-01,   1.241e-02,   2.269e-02,   1.558e-01
   5.156e-02,   2.090e+03,   2.619e+00,   3.339e-20,   1.471e-02,   6.787e-01,   1.241e-02,   2.199e-02,   1.569e-01
   5.169e-02,   2.099e+03,   2.628e+00,   3.522e-21,   1.425e-02,   6.787e-01,   1.241e-02,   2.136e-02,   1.579e-01
   5.181e-02,   2.106e+03,   2.636e+00,   5.311e-22,   1.383e-02,   6.787e-01,   1.241e-02,   2.078e-02,   1.588e-01
   5.194e-02,   2.113e+03,   2.643e+00,   8.987e-23,   1.345e-02,   6.787e-01,   1.241e-02,   2.026e-02,   1.596e-01
   5.207e-02,   2.119e+03,   2.650e+00,   1.603e-23,   1.310e-02,   6.787e-01,   1.241e-02,   1.978e-02,   1.604e-01
   5.219e-02,   2.125e+03,   2.656e+00,   2.973e-24,   1.278e-02,   6.787e-01,   1.241e-02,   1.933e-02,   1.611e-01
   5.232e-02,   2.130e+03,   2.661e+00,   5.718e-25,   1.249e-02,   6.787e-01,   1.241e-02,   1.892e-02,   1.617e-01
   5.244e-02,   2.135e+03,   2.666e+00,   1.137e-25,   1.222e-02,   6.787e-01,   1.241e-02,   1.854e-02,   1.623e-01
   5.257e-02,   2.139e+03,   2.671e+00,   2.333e-26,   1.196e-02,   6.787e-01,   1.241e-02,   1.818e-02,   1.629e-01
   5.269e-02,   2.143e+03,   2.675e+00,   4.931e-27,   1.173e-02,   6.787e-01,   1.241e-02,   1.785e-02,   1.634e-01
   5.282e-02,   2.147e+03,   2.679e+00,   1.072e-27,   1.151e-02,   6.787e-01,   1.241e-02,   1.753e-02,   1.639e-01
   5.294e-02,   2.151e+03,   2.682e+00,   2.393e-28,   1.130e-02,   6.787e-01,   1.241e-02,   1.724e-02,   1.644e-01
   5.307e-02,   2.154e+03,   2.686e+00,   5.478e-29,   1.111e-02,   6.787e-01,   1.241e-02,   1.697e-02,   1.648e-01
   5.319e-02,   2.157e+03,   2.689e+00,   1.284e-29,   1.093e-02,   6.787e-01,   1.241e-02,   1.671e-02,   1.652e-01
   5.332e-02,   2.160e+03,   2.692e+00,   3.079e-30,   1.076e-02,   6.787e-01,   1.241e-02,   1.646e-02,   1.656e-01
   5.344e-02,   2.163e+03,   2.695e+00,   7.541e-31,   1.060e-02,   6.787e-01,   1.241e-02,   1.623e-02,   1.659e-01
   5.357e-02,   2.165e+03,   2.698e+00,   1.885e-31,   1.045e-02,   6.787e-01,   1.241e-02,   1.601e-02,   1.663e-01
   5.369e-02,   2.168e+03,   2.700e+00,   4.804e-32,   1.030e-02,   6.787e-01,   1.241e-02,   1.580e-02,   1.666e-01
   5.382e-02,   2.170e+03,   2.703e+00,   1.247e-32,   1.017e-02,   6.787e-01,   1.241e-02,   1.561e-02,   1.669e-01
   5.394e-02,   2.172e+03,   2.705e+00,   3.294e-33,   1.004e-02,   6.787e-01,   1.241e-02,   1.542e-02,   1.672e-01
   5.407e-02,   2.174e+03,   2.707e+00,   8.851e-34,   9.917e-03,   6.787e-01,   1.241e-02,   1.524e-02,   1.675e-01
   5.419e-02,   2.176e+03,   2.709e+00,   2.416e-34,   9.800e-03,   6.787e-01,   1.241e-02,   1.507e-02,   1.678e-01
   5.432e-02,   2.178e+03,   2.711e+00,   6.697e-35,   9.688e-03,   6.787e-01,   1.241e-02,   1.491e-02,   1.680e-01
   5.444e-02,   2.180e+03,   2.713e+00,   1.884e-35,   9.582e-03,   6.787e-01,   1.241e-02,   1.475e-02,   1.683e-01
   5.457e-02,   2.182e+03,   2.714e+00,   5.373e-36,   9.481e-03,   6.787e-01,   1.241e-02,   1.461e-02,   1.685e-01
   5.469e-02,   2.183e+03,   2.716e+00,   1.553e-36,   9.384e-03,   6.787e-01,   1.241e-02,   1.446e-02,   1.687e-01
   5.482e-02,   2.185e+03,   2.718e+00,   4.548e-37,   9.292e-03,   6.787e-01,   1.241e-02,   1.433e-02,   1.689e-01
   5.494e-02,   2.186e+03,   2.719e+00,   1.348e-37,   9.204e-03,   6.787e-01,   1.241e-02,   1.420e-02,   1.691e-01
   5.507e-02,   2.188e+03,   2.721e+00,   4.043e-38,   9.119e-03,   6.787e-01,   1.241e-02,   1.408e-02,   1.693e-01
   5.519e-02,   2.189e+03,   2.722e+00,   1.227e-38,   9.038e-03,   6.787e-01,   1.241e-02,   1.396e-02,   1.695e-01
   5.532e-02,   2.190e+03,   2.723e+00,   3.761e-39,   8.960e-03,   6.787e-01,   1.241e-02,   1.384e-02,   1.697e-01
   5.544e-02,   2.191e+03,   2.725e+00,   1.166e-39,   8.886e-03,   6.787e-01,   1.241e-02,   1.373e-02,   1.699e-01
   5.557e-02,   2.193e+03,   2.726e+00,   3.649e-40,   8.814e-03,   6.787e-01,   1.241e-02,   1.363e-02,   1.700e-01
   5.569e-02,   2.194e+03,   2.727e+00,   1.153e-40,   8.745e-03,   6.787e-01,   1.241e-02,   1.353e-02,   1.702e-01
   5.582e-02,   2.195e+03,   2.728e+00,   3.679e-41,   8.679e-03,   6.787e-01,   1.241e-02,   1.343e-02,   1.703e-01
   5.594e-02,   2.196e+03,   2.729e+00,   1.184e-41,   8.616e-03,   6.787e-01,   1.241e-02,   1.333e-02,   1.705e-01
   5.607e-02,   2.197e+03,   2.730e+00,   3.844e-42,   8.555e-03,   6.787e-01,   1.241e-02,   1.324e-02,   1.706e-01
   5.620e-02,   2.198e+03,   2.731e+00,   1.258e-42,   8.496e-03,   6.787e-01,   1.241e-02,   1.316e-02,   1.708e-01
   5.632e-02,   2.199e+03,   2.732e+00,   4.153e-43,   8.439e-03,   6.787e-01,   1.241e-02,   1.307e-02,   1.709e-01
   5.645e-02,   2.200e+03,   2.733e+00,   1.381e-43,   8.385e-03,   6.787e-01,   1.241e-02,   1.299e-02,   1.710e-01
   5.657e-02,   2.200e+03,   2.734e+00,   4.626e-44,   8.332e-03,   6.787e-01,   1.241e-02,   1.292e-02,   1.712e-01
   5.670e-02,   2.201e+03,   2.735e+00,   1.561e-44,   8.281e-03,   6.787e-01,   1.241e-02,   1.284e-02,   1.713e-01
   5.682e-02,   2.202e+03,   2.736e+00,   5.304e-45,   8.233e-03,   6.787e-01,   1.241e-02,   1.277e-02,   1.714e-01
   5.695e-02,   2.203e+03,   2.737e+00,   1.814e-45,   8.185e-03,   6.787e-01,   1.241e-02,   1.270e-02,   1.715e-01
   5.707e-02,   2.204e+03,   2.737e+00,   6.246e-46,   8.140e-03,   6.787e-01,   1.241e-02,   1.263e-02,   1.716e-01
   5.720e-02,   2.204e+03,   2.738e+00,   2.164e-46,   8.096e-03,   6.787e-01,   1.241e-02,   1.257e-02,   1.717e-01
   5.732e-02,   2.205e+03,   2.739e+00,   7.540e-47,   8.054e-03,   6.787e-01,   1.241e-02,   1.250e-02,   1.718e-01
   5.745e-02,   2.206e+03,   2.739e+00,   2.643e-47,   8.013e-03,   6.787e-01,   1.241e-02,   1.244e-02,   1.719e-01
   5.757e-02,   2.206e+03,   2.740e+00,   9.318e-48,   7.973e-03,   6.787e-01,   1.241e-02,   1.238e-02,   1.720e-01
   5.770e-02,   2.207e+03,   2.741e+00,   3.302e-48,   7.935e-03,   6.787e-01,   1.241e-02,   1.233e-02,   1.721e-01
   5.782e-02,   2.208e+03,   2.741e+00,   1.177e-48,   7.898e-03,   6.787e-01,   1.241e-02,   1.227e-02,   1.722e-01
   5.795e-02,   2.208e+03,   2.742e+00,   4.214e-49,   7.862e-03,   6.787e-01,   1.241e-02,   1.222e-02,   1.723e-01
   5.807e-02,   2.209e+03,   2.743e+00,   1.516e-49,   7.828e-03,   6.787e-01,   1.241e-02,   1.217e-02,   1.723e-01
   5.820e-02,   2.209e+03,   2.743e+00,   5.483e-50,   7.794e-03,   6.787e-01,   1.241e-02,   1.212e-02,   1.724e-01
   5.832e-02,   2.210e+03,   2.744e+00,   1.992e-50,   7.762e-03,   6.787e-01,   1.241e-02,   1.207e-02,   1.725e-01
   5.845e-02,   2.210e+03,   2.744e+00,   7.268e-51,   7.731e-03,   6.787e-01,   1.241e-02,   1.202e-02,   1.726e-01
   5.857e-02,   2.211e+03,   2.745e+00,   2.663e-51,   7.700e-03,   6.787e-01,   1.241e-02,   1.198e-02,   1.726e-01
   5.870e-02,   2.211e+03,   2.745e+00,   9.801e-52,   7.671e-03,   6.787e-01,   1.241e-02,   1.193e-02,   1.727e-01
   5.882e-02,   2.212e+03,   2.746e+00,   3.621e-52,   7.643e-03,   6.787e-01,   1.241e-02,   1.189e-02,   1.728e-01
   5.895e-02,   2.212e+03,   2.746e+00,   1.343e-52,   7.615e-03,   6.787e-01,   1.241e-02,   1.185e-02,   1.728e-01
   5.907e-02,   2.213e+03,   2.747e+00,   5.002e-53,   7.588e-03,   6.787e-01,   1.241e-02,   1.181e-02,   1.729e-01
   5.920e-02,   2.213e+03,   2.747e+00,   1.869e-53,   7.563e-03,   6.787e-01,   1.241e-02,   1.177e-02,   1.730e-01
   5.932e-02,   2.213e+03,   2.747e+00,   7.011e-54,   7.538e-03,   6.787e-01,   1.241e-02,   1.173e-02,   1.730e-01
   5.945e-02,   2.214e+03,   2.748e+00,   2.639e-54,   7.513e-03,   6.787e-01,   1.241e-02,   1.170e-02,   1.731e-01
   5.957e-02,   2.214e+03,   2.748e+00,   9.964e-55,   7.490e-03,   6.787e-01,   1.241e-02,   1.166e-02,   1.731e-01
   5.970e-02,   2.214e+03,   2.749e+00,   3.775e-55,   7.467e-03,   6.787e-01,   1.241e-02,   1.163e-02,   1.732e-01
   5.982e-02,   2.215e+03,   2.749e+00,   1.435e-55,   7.445e-03,   6.787e-01,   1.241e-02,   1.160e-02,   1.732e-01
   5.995e-02,   2.215e+03,   2.749e+00,   5.469e-56,   7.423e-03,   6.787e-01,   1.241e-02,   1.156e-02,   1.733e-01
   6.008e-02,   2.216e+03,   2.750e+00,   2.091e-56,   7.403e-03,   6.787e-01,   1.241e-02,   1.153e-02,   1.733e-01
   6.020e-02,   2.216e+03,   2.750e+00,   8.019e-57,   7.383e-03,   6.787e-01,   1.241e-02,   1.150e-02,   1.734e-01
   6.033e-02,   2.216e+03,   2.750e+00,   3.083e-57,   7.363e-03,   6.787e-01,   1.241e-02,   1.147e-02,   1.734e-01
   6.045e-02,   2.216e+03,   2.751e+00,   1.189e-57,   7.344e-03,   6.787e-01,   1.241e-02,   1.145e-02,   1.735e-01
   6.058e-02,   2.217e+03,   2.751e+00,   4.596e-58,   7.326e-03,   6.787e-01,   1.241e-02,   1.142e-02,   1.735e-01
   6.070e-02,   2.217e+03,   2.751e+00,   1.781e-58,   7.308e-03,   6.787e-01,   1.241e-02,   1.139e-02,   1.735e-01
   6.083e-02,   2.217e+03,   2.751e+00,   6.920e-59,   7.290e-03,   6.787e-01,   1.241e-02,   1.137e-02,   1.736e-01
   6.095e-02,   2.218e+03,   2.752e+00,   2.695e-59,   7.273e-03,   6.787e-01,   1.241e-02,   1.134e-02,   1.736e-01
   6.108e-02,   2.218e+03,   2.752e+00,   1.052e-59,   7.257e-03,   6.787e-01,   1.241e-02,   1.132e-02,   1.737e-01
   6.120e-02,   2.218e+03,   2.752e+00,   4.116e-60,   7.241e-03,   6.787e-01,   1.241e-02,   1.129e-02,   1.737e-01
   6.133e-02,   2.218e+03,   2.752e+00,   1.614e-60,   7.226e-03,   6.787e-01,   1.241e-02,   1.127e-02,   1.737e-01
   6.145e-02,   2.219e+03,   2.753e+00,   6.342e-61,   7.211e-03,   6.787e-01,   1.241e-02,   1.125e-02,   1.738e-01
   6.158e-02,   2.219e+03,   2.753e+00,   2.497e-61,   7.196e-03,   6.787e-01,   1.241e-02,   1.122e-02,   1.738e-01
   6.170e-02,   2.219e+03,   2.753e+00,   9.854e-62,   7.182e-03,   6.787e-01,   1.241e-02,   1.120e-02,   1.738e-01
   6.183e-02,   2.219e+03,   2.753e+00,   3.896e-62,   7.169e-03,   6.787e-01,   1.241e-02,   1.118e-02,   1.739e-01
   6.195e-02,   2.219e+03,   2.754e+00,   1.543e-62,   7.155e-03,   6.787e-01,   1.241e-02,   1.116e-02,   1.739e-01
   6.208e-02,   2.220e+03,   2.754e+00,   6.123e-63,   7.142e-03,   6.787e-01,   1.241e-02,   1.114e-02,   1.739e-01
   6.220e-02,   2.220e+03,   2.754e+00,   2.434e-63,   7.130e-03,   6.787e-01,   1.241e-02,   1.113e-02,   1.740e-01
   6.233e-02,   2.220e+03,   2.754e+00,   9.693e-64,   7.117e-03,   6.787e-01,   1.241e-02,   1.111e-02,   1.740e-01
   6.245e-02,   2.220e+03,   2.754e+00,   3.867e-64,   7.106e-03,   6.787e-01,   1.241e-02,   1.109e-02,   1.740e-01
   6.258e-02,   2.220e+03,   2.755e+00,   1.545e-64,   7.094e-03,   6.787e-01,   1.241e-02,   1.107e-02,   1.741e-01
   6.270e-02,   2.221e+03,   2.755e+00,   6.183e-65,   7.083e-03,   6.787e-01,   1.241e-02,   1.106e-02,   1.741e-01
   6.283e-02,   2.221e+03,   2.755e+00,   2.478e-65,   7.072e-03,   6.787e-01,   1.241e-02,   1.104e-02,   1.741e-01
   6.295e-02,   2.221e+03,   2.755e+00,   9.948e-66,   7.061e-03,   6.787e-01,   1.241e-02,   1.102e-02,   1.741e-01
   6.308e-02,   2.221e+03,   2.755e+00,   3.999e-66,   7.051e-03,   6.787e-01,   1.241e-02,   1.101e-02,   1.742e-01
   6.320e-02,   2.221e+03,   2.756e+00,   1.610e-66,   7.041e-03,   6.787e-01,   1.241e-02,   1.099e-02,   1.742e-01
   6.333e-02,   2.221e+03,   2.756e+00,   6.491e-67,   7.031e-03,   6.787e-01,   1.241e-02,   1.098e-02,   1.742e-01
   6.345e-02,   2.222e+03,   2.756e+00,   2.620e-67,   7.022e-03,   6.787e-01,   1.241e-02,   1.096e-02,   1.742e-01
   6.358e-02,   2.222e+03,   2.756e+00,   1.059e-67,   7.013e-03,   6.787e-01,   1.241e-02,   1.095e-02,   1.742e-01
   6.370e-02,   2.222e+03,   2.756e+00,   4.291e-68,   7.004e-03,   6.787e-01,   1.241e-02,   1.094e-02,   1.743e-01
   6.383e-02,   2.222e+03,   2.756e+00,   1.742e-68,   6.995e-03,   6.787e-01,   1.241e-02,   1.092e-02,   1.743e-01
   6.395e-02,   2.222e+03,   2.756e+00,   7.102e-69,   6.987e-03,   6.787e-01,   1.241e-02,   1.091e-02,   1.743e-01
   6.408e-02,   2.222e+03,   2.757e+00,   2.921e-69,   6.978e-03,   6.787e-01,   1.241e-02,   1.090e-02,   1.743e-01
   6.421e-02,   2.222e+03,   2.757e+00,   1.224e-69,   6.971e-03,   6.787e-01,   1.241e-02,   1.089e-02,   1.743e-01
   6.433e-02,   2.223e+03,   2.757e+00,   5.314e-70,   6.963e-03,   6.787e-01,   1.241e-02,   1.088e-02,   1.744e-01
   6.446e-02,   2.223e+03,   2.757e+00,   2.440e-70,   6.955e-03,   6.787e-01,   1.241e-02,   1.086e-02,   1.744e-01
   6.458e-02,   2.223e+03,   2.757e+00,   1.192e-70,   6.948e-03,   6.787e-01,   1.241e-02,   1.085e-02,   1.744e-01
   6.471e-02,   2.223e+03,   2.757e+00,   5.943e-71,   6.941e-03,   6.787e-01,   1.241e-02,   1.084e-02,   1.744e-01
   6.483e-02,   2.223e+03,   2.757e+00,   2.648e-71,   6.934e-03,   6.787e-01,   1.241e-02,   1.083e-02,   1.744e-01
   6.496e-02,   2.223e+03,   2.757e+00,   6.788e-72,   6.927e-03,   6.787e-01,   1.241e-02,   1.082e-02,   1.744e-01
   6.508e-02,   2.223e+03,   2.758e+00,  -3.058e-72,   6.920e-03,   6.787e-01,   1.241e-02,   1.081e-02,   1.745e-01
   6.521e-02,   2.223e+03,   2.758e+00,  -2.867e-72,   6.914e-03,   6.787e-01,   1.241e-02,   1.080e-02,   1.745e-01
   6.533e-02,   2.223e+03,   2.758e+00,   7.640e-72,   6.908e-03,   6.787e-01,   1.241e-02,   1.079e-02,   1.745e-01
   6.546e-02,   2.224e+03,   2.758e+00,   2.640e-71,   6.902e-03,   6.787e-01,   1.241e-02,   1.078e-02,   1.745e-01
   6.558e-02,   2.224e+03,   2.758e+00,   4.717e-71,   6.896e-03,   6.787e-01,   1.241e-02,   1.077e-02,   1.745e-01
   6.571e-02,   2.224e+03,   2.758e+00,   5.817e-71,   6.890e-03,   6.787e-01,   1.241e-02,   1.077e-02,   1.745e-01
   6.583e-02,   2.224e+03,   2.758e+00,   4.127e-71,   6.885e-03,   6.787e-01,   1.241e-02,   1.076e-02,   1.745e-01
   6.596e-02,   2.224e+03,   2.758e+00,  -2.805e-71,   6.879e-03,   6.787e-01,   1.241e-02,   1.075e-02,   1.746e-01
   6.608e-02,   2.224e+03,   2.758e+00,  -1.795e-70,   6.874e-03,   6.787e-01,   1.241e-02,   1.074e-02,   1.746e-01
   6.621e-02,   2.224e+03,   2.758e+00,  -4.453e-70,   6.869e-03,   6.787e-01,   1.241e-02,   1.073e-02,   1.746e-01
   6.633e-02,   2.224e+03,   2.758e+00,  -8.545e-70,   6.864e-03,   6.787e-01,   1.241e-02,   1.073e-02,   1.746e-01
   6.646e-02,   2.224e+03,   2.759e+00,  -1.426e-69,   6.859e-03,   6.787e-01,   1.241e-02,   1.072e-02,   1.746e-01
   6.658e-02,   2.224e+03,   2.759e+00,  -2.158e-69,   6.854e-03,   6.787e-01,   1.241e-02,   1.071e-02,   1.746e-01
   6.671e-02,   2.224e+03,   2.759e+00,  -3.025e-69,   6.850e-03,   6.787e-01,   1.241e-02,   1.071e-02,   1.746e-01
   6.683e-02,   2.224e+03,   2.759e+00,  -3.971e-69,   6.845e-03,   6.787e-01,   1.241e-02,   1.070e-02,   1.746e-01
   6.696e-02,   2.224e+03,   2.759e+00,  -4.922e-69,   6.841e-03,   6.787e-01,   1.241e-02,   1.069e-02,   1.746e-01
   6.708e-02,   2.225e+03,   2.759e+00,  -5.798e-69,   6.837e-03,   6.787e-01,   1.241e-02,   1.069e-02,   1.747e-01
   6.721e-02,   2.225e+03,   2.759e+00,  -6.530e-69,   6.832e-03,   6.787e-01,   1.241e-02,   1.068e-02,   1.747e-01
   6.733e-02,   2.225e+03,   2.759e+00,  -7.082e-69,   6.828e-03,   6.787e-01,   1.241e-02,   1.067e-02,   1.747e-01
   6.746e-02,   2.225e+03,   2.759e+00,  -7.467e-69,   6.824e-03,   6.787e-01,   1.241e-02,   1.067e-02,   1.747e-01
   6.758e-02,   2.225e+03,   2.759e+00,  -7.753e-69,   6.821e-03,   6.787e-01,   1.241e-02,   1.066e-02,   1.747e-01
   6.771e-02,   2.225e+03,   2.759e+00,  -8.068e-69,   6.817e-03,   6.787e-01,   1.241e-02,   1.066e-02,   1.747e-01
   6.783e-02,   2.225e+03,   2.759e+00,  -8.597e-69,   6.813e-03,   6.787e-01,   1.241e-02,   1.065e-02,   1.747e-01
   6.796e-02,   2.225e+03,   2.759e+00,  -9.568e-69,   6.810e-03,   6.787e-01,   1.241e-02,   1.065e-02,   1.747e-01
   6.809e-02,   2.225e+03,   2.759e+00,  -1.123e-68,   6.806e-03,   6.787e-01,   1.241e-02,   1.064e-02,   1.747e-01
   6.821e-02,   2.225e+03,   2.759e+00,  -1.382e-68,   6.803e-03,   6.787e-01,   1.241e-02,   1.064e-02,   1.747e-01
   6.834e-02,   2.225e+03,   2.759e+00,  -1.749e-68,   6.800e-03,   6.787e-01,   1.241e-02,   1.063e-02,   1.747e-01
   6.846e-02,   2.225e+03,   2.760e+00,  -2.225e-68,   6.797e-03,   6.787e-01,   1.241e-02,   1.063e-02,   1.748e-01
   6.859e-02,   2.225e+03,   2.760e+00,  -2.792e-68,   6.794e-03,   6.787e-01,   1.241e-02,   1.062e-02,   1.748e-01
   6.871e-02,   2.225e+03,   2.760e+00,  -3.410e-68,   6.791e-03,   6.787e-01,   1.241e-02,   1.062e-02,   1.748e-01
   6.884e-02,   2.225e+03,   2.760e+00,  -4.022e-68,   6.788e-03,   6.787e-01,   1.241e-02,   1.061e-02,   1.748e-01
   6.896e-02,   2.225e+03,   2.760e+00,  -4.562e-68,   6.785e-03,   6.787e-01,   1.241e-02,   1.061e-02,   1.748e-01
   6.909e-02,   2.225e+03,   2.760e+00,  -4.970e-68,   6.782e-03,   6.787e-01,   1.241e-02,   1.060e-02,   1.748e-01
   6.921e-02,   2.225e+03,   2.760e+00,  -5.206e-68,   6.780e-03,   6.787e-01,   1.241e-02,   1.060e-02,   1.748e-01
   6.934e-02,   2.226e+03,   2.760e+00,  -5.256e-68,   6.777e-03,   6.787e-01,   1.241e-02,   1.060e-02,   1.748e-01
   6.946e-02,   2.226e+03,   2.760e+00,  -5.134e-68,   6.774e-03,   6.787e-01,   1.241e-02,   1.059e-02,   1.748e-01
   6.959e-02,   2.226e+03,   2.760e+00,  -4.880e-68,   6.772e-03,   6.787e-01,   1.241e-02,   1.059e-02,   1.748e-01
   6.971e-02,   2.226e+03,   2.760e+00,  -4.552e-68,   6.770e-03,   6.787e-01,   1.241e-02,   1.058e-02,   1.748e-01
   6.984e-02,   2.226e+03,   2.760e+00,  -4.219e-68,   6.767e-03,   6.787e-01,   1.241e-02,   1.058e-02,   1.748e-01
   6.996e-02,   2.226e+03,   2.760e+00,  -3.955e-68,   6.765e-03,   6.787e-01,   1.241e-02,   1.058e-02,   1.748e-01
   7.009e-02,   2.226e+03,   2.760e+00,  -3.829e-68,   6.763e-03,   6.787e-01,   1.241e-02,   1.057e-02,   1.748e-01
   7.021e-02,   2.226e+03,   2.760e+00,  -3.897e-68,   6.761e-03,   6.787e-01,   1.241e-02,   1.057e-02,   1.748e-01
   7.034e-02,   2.226e+03,   2.760e+00,  -4.198e-68,   6.758e-03,   6.787e-01,   1.241e-02,   1.057e-02,   1.748e-01
   7.046e-02,   2.226e+03,   2.760e+00,  -4.737e-68,   6.756e-03,   6.787e-01,   1.241e-02,   1.057e-02,   1.748e-01
   7.059e-02,   2.226e+03,   2.760e+00,  -5.482e-68,   6.754e-03,   6.787e-01,   1.241e-02,   1.056e-02,   1.749e-01
   7.071e-02,   2.226e+03,   2.760e+00,  -6.360e-68,   6.752e-03,   6.787e-01,   1.241e-02,   1.056e-02,   1.749e-01
   7.084e-02,   2.226e+03,   2.760e+00,  -7.264e-68,   6.751e-03,   6.787e-01,   1.241e-02,   1.056e-02,   1.749e-01
   7.096e-02,   2.226e+03,   2.760e+00,  -8.073e-68,   6.749e-03,   6.787e-01,   1.241e-02,   1.055e-02,   1.749e-01
   7.109e-02,   2.226e+03,   2.760e+00,  -8.670e-68,   6.747e-03,   6.787e-01,   1.241e-02,   1.055e-02,   1.749e-01
   7.121e-02,   2.226e+03,   2.760e+00,  -8.970e-68,   6.745e-03,   6.787e-01,   1.241e-02,   1.055e-02,   1.749e-01
   7.134e-02,   2.226e+03,   2.760e+00,  -8.933e-68,   6.743e-03,   6.787e-01,   1.241e-02,   1.055e-02,   1.749e-01
   7.146e-02,   2.226e+03,   2.760e+00,  -8.566e-68,   6.742e-03,   6.787e-01,   1.241e-02,   1.054e-02,   1.749e-01
   7.159e-02,   2.226e+03,   2.760e+00,  -7.919e-68,   6.740e-03,   6.787e-01,   1.241e-02,   1.054e-02,   1.749e-01
   7.171e-02,   2.226e+03,   2.760e+00,  -7.067e-68,   6.739e-03,   6.787e-01,   1.241e-02,   1.054e-02,   1.749e-01
   7.184e-02,   2.226e+03,   2.761e+00,  -6.099e-68,   6.737e-03,   6.787e-01,   1.241e-02,   1.054e-02,   1.749e-01
   7.196e-02,   2.226e+03,   2.761e+00,  -5.095e-68,   6.736e-03,   6.787e-01,   1.241e-02,   1.053e-02,   1.749e-01
   7.209e-02,   2.226e+03,   2.761e+00,  -4.124e-68,   6.734e-03,   6.787e-01,   1.241e-02,   1.053e-02,   1.749e-01
   7.222e-02,   2.226e+03,   2.761e+00,  -3.229e-68,   6.733e-03,   6.787e-01,   1.241e-02,   1.053e-02,   1.749e-01
   7.234e-02,   2.226e+03,   2.761e+00,  -2.432e-68,   6.731e-03,   6.787e-01,   1.241e-02,   1.053e-02,   1.749e-01
   7.247e-02,   2.226e+03,   2.761e+00,  -1.733e-68,   6.730e-03,   6.787e-01,   1.241e-02,   1.053e-02,   1.749e-01
   7.259e-02,   2.226e+03,   2.761e+00,  -1.114e-68,   6.729e-03,   6.787e-01,   1.241e-02,   1.052e-02,   1.749e-01
   7.272e-02,   2.226e+03,   2.761e+00,  -5.495e-69,   6.727e-03,   6.787e-01,   1.241e-02,   1.052e-02,   1.749e-01
   7.284e-02,   2.226e+03,   2.761e+00,  -1.040e-70,   6.726e-03,   6.787e-01,   1.241e-02,   1.052e-02,   1.749e-01
   7.297e-02,   2.226e+03,   2.761e+00,   5.278e-69,   6.725e-03,   6.787e-01,   1.241e-02,   1.052e-02,   1.749e-01
   7.309e-02,   2.226e+03,   2.761e+00,   1.082e-68,   6.724e-03,   6.787e-01,   1.241e-02,   1.052e-02,   1.749e-01
   7.322e-02,   2.226e+03,   2.761e+00,   1.659e-68,   6.723e-03,   6.787e-01,   1.241e-02,   1.051e-02,   1.749e-01
   7.334e-02,   2.226e+03,   2.761e+00,   2.256e-68,   6.722e-03,   6.787e-01,   1.241e-02,   1.051e-02,   1.749e-01
   7.347e-02,   2.226e+03,   2.761e+00,   2.861e-68,   6.721e-03,   6.787e-01,   1.241e-02,   1.051e-02,   1.749e-01
   7.359e-02,   2.226e+03,   2.761e+00,   3.450e-68,   6.720e-03,   6.787e-01,   1.241e-02,   1.051e-02,   1.749e-01
   7.372e-02,   2.226e+03,   2.761e+00,   3.988e-68,   6.718e-03,   6.787e-01,   1.241e-02,   1.051e-02,   1.749e-01
   7.384e-02,   2.226e+03,   2.761e+00,   4.430e-68,   6.717e-03,   6.787e-01,   1.241e-02,   1.051e-02,   1.749e-01
   7.397e-02,   2.226e+03,   2.761e+00,   4.727e-68,   6.717e-03,   6.787e-01,   1.241e-02,   1.051e-02,   1.749e-01
   7.409e-02,   2.226e+03,   2.761e+00,   4.824e-68,   6.716e-03,   6.787e-01,   1.241e-02,   1.050e-02,   1.749e-01
   7.422e-02,   2.226e+03,   2.761e+00,   4.671e-68,   6.715e-03,   6.787e-01,   1.241e-02,   1.050e-02,   1.749e-01
   7.434e-02,   2.227e+03,   2.761e+00,   4.215e-68,   6.714e-03,   6.787e-01,   1.241e-02,   1.050e-02,   1.749e-01
   7.447e-02,   2.227e+03,   2.761e+00,   3.402e-68,   6.713e-03,   6.787e-01,   1.241e-02,   1.050e-02,   1.750e-01
   7.459e-02,   2.227e+03,   2.761e+00,   2.174e-68,   6.712e-03,   6.787e-01,   1.241e-02,   1.050e-02,   1.750e-01
   7.472e-02,   2.227e+03,   2.761e+00,   4.711e-69,   6.711e-03,   6.787e-01,   1.241e-02,   1.050e-02,   1.750e-01
   7.484e-02,   2.227e+03,   2.761e+00,  -1.757e-68,   6.710e-03,   6.787e-01,   1.241e-02,   1.050e-02,   1.750e-01
   7.497e-02,   2.227e+03,   2.761e+00,  -4.525e-68,   6.710e-03,   6.787e-01,   1.241e-02,   1.049e-02,   1.750e-01
   7.509e-02,   2.227e+03,   2.761e+00,  -7.782e-68,   6.709e-03,   6.787e-01,   1.241e-02,   1.049e-02,   1.750e-01
   7.522e-02,   2.227e+03,   2.761e+00,  -1.139e-67,   6.708e-03,   6.787e-01,   1.241e-02,   1.049e-02,   1.750e-01
   7.534e-02,   2.227e+03,   2.761e+00,  -1.510e-67,   6.707e-03,   6.787e-01,   1.241e-02,   1.049e-02,   1.750e-01
   7.547e-02,   2.227e+03,   2.761e+00,  -1.860e-67,   6.707e-03,   6.787e-01,   1.241e-02,   1.049e-02,   1.750e-01
   7.559e-02,   2.227e+03,   2.761e+00,  -2.156e-67,   6.706e-03,   6.787e-01,   1.241e-02,   1.049e-02,   1.750e-01
   7.572e-02,   2.227e+03,   2.761e+00,  -2.369e-67,   6.705e-03,   6.787e-01,   1.241e-02,   1.049e-02,   1.750e-01
   7.584e-02,   2.227e+03,   2.761e+00,  -2.480e-67,   6.705e-03,   6.787e-01,   1.241e-02,   1.049e-02,   1.750e-01
   7.597e-02,   2.227e+03,   2.761e+00,  -2.483e-67,   6.704e-03,   6.787e-01,   1.241e-02,   1.049e-02,   1.750e-01
   7.610e-02,   2.227e+03,   2.761e+00,  -2.384e-67,   6.703e-03,   6.787e-01,   1.241e-02,   1.049e-02,   1.750e-01
   7.622e-02,   2.227e+03,   2.761e+00,  -2.198e-67,   6.703e-03,   6.787e-01,   1.241e-02,   1.048e-02,   1.750e-01
   7.635e-02,   2.227e+03,   2.761e+00,  -1.944e-67,   6.702e-03,   6.787e-01,   1.241e-02,   1.048e-02,   1.750e-01
   7.647e-02,   2.227e+03,   2.761e+00,  -1.643e-67,   6.702e-03,   6.787e-01,   1.241e-02,   1.048e-02,   1.750e-01
   7.660e-02,   2.227e+03,   2.761e+00,  -1.311e-67,   6.701e-03,   6.787e-01,   1.241e-02,   1.048e-02,   1.750e-01
   7.672e-02,   2.227e+03,   2.761e+00,  -9.629e-68,   6.701e-03,   6.787e-01,   1.241e-02,   1.048e-02,   1.750e-01
   7.685e-02,   2.227e+03,   2.761e+00,  -6.065e-68,   6.700e-03,   6.787e-01,   1.241e-02,   1.048e-02,   1.750e-01
   7.697e-02,   2.227e+03,   2.761e+00,  -2.479e-68,   6.700e-03,   6.787e-01,   1.241e-02,   1.048e-02,   1.750e-01
   7.710e-02,   2.227e+03,   2.761e+00,   1.081e-68,   6.699e-03,   6.787e-01,   1.241e-02,   1.048e-02,   1.750e-01
   7.722e-02,   2.227e+03,   2.761e+00,   4.558e-68,   6.699e-03,   6.787e-01,   1.241e-02,   1.048e-02,   1.750e-01
   7.735e-02,   2.227e+03,   2.761e+00,   7.871e-68,   6.698e-03,   6.787e-01,   1.241e-02,   1.048e-02,   1.750e-01
   7.747e-02,   2.227e+03,   2.761e+00,   1.091e-67,   6.698e-03,   6.787e-01,   1.241e-02,   1.048e-02,   1.750e-01
   7.760e-02,   2.227e+03,   2.761e+00,   1.356e-67,   6.697e-03,   6.787e-01,   1.241e-02,   1.048e-02,   1.750e-01
   7.772e-02,   2.227e+03,   2.761e+00,   1.567e-67,   6.697e-03,   6.787e-01,   1.241e-02,   1.048e-02,   1.750e-01
   7.785e-02,   2.227e+03,   2.761e+00,   1.714e-67,   6.696e-03,   6.787e-01,   1.241e-02,   1.047e-02,   1.750e-01
   7.797e-02,   2.227e+03,   2.761e+00,   1.790e-67,   6.696e-03,   6.787e-01,   1.241e-02,   1.047e-02,   1.750e-01
   7.810e-02,   2.227e+03,   2.761e+00,   1.794e-67,   6.695e-03,   6.787e-01,   1.241e-02,   1.047e-02,   1.750e-01
   7.822e-02,   2.227e+03,   2.761e+00,   1.731e-67,   6.695e-03,   6.787e-01,   1.241e-02,   1.047e-02,   1.750e-01
   7.835e-02,   2.227e+03,   2.761e+00,   1.612e-67,   6.695e-03,   6.787e-01,   1.241e-02,   1.047e-02,   1.750e-01
   7.847e-02,   2.227e+03,   2.761e+00,   1.449e-67,   6.694e-03,   6.787e-01,   1.241e-02,   1.047e-02,   1.750e-01
   7.860e-02,   2.227e+03,   2.761e+00,   1.257e-67,   6.694e-03,   6.787e-01,   1.241e-02,   1.047e-02,   1.750e-01
   7.872e-02,   2.227e+03,   2.761e+00,   1.047e-67,   6.694e-03,   6.787e-01,   1.241e-02,   1.047e-02,   1.750e-01
   7.885e-02,   2.227e+03,   2.761e+00,   8.290e-68,   6.693e-03,   6.787e-01,   1.241e-02,   1.047e-02,   1.750e-01
   7.897e-02,   2.227e+03,   2.761e+00,   6.059e-68,   6.693e-03,   6.787e-01,   1.241e-02,   1.047e-02,   1.750e-01
   7.910e-02,   2.227e+03,   2.761e+00,   3.769e-68,   6.693e-03,   6.787e-01,   1.241e-02,   1.047e-02,   1.750e-01
   7.922e-02,   2.227e+03,   2.761e+00,   1.370e-68,   6.692e-03,   6.787e-01,   1.241e-02,   1.047e-02,   1.750e-01
   7.935e-02,   2.227e+03,   2.761e+00,  -1.211e-68,   6.692e-03,   6.787e-01,   1.241e-02,   1.047e-02,   1.750e-01
   7.947e-02,   2.227e+03,   2.761e+00,  -4.028e-68,   6.692e-03,   6.787e-01,   1.241e-02,   1.047e-02,   1.750e-01
   7.960e-02,   2.227e+03,   2.761e+00,  -7.087e-68,   6.691e-03,   6.787e-01,   1.241e-02,   1.047e-02,   1.750e-01
   7.972e-02,   2.227e+03,   2.761e+00,  -1.033e-67,   6.691e-03,   6.787e-01,   1.241e-02,   1.047e-02,   1.750e-01
   7.985e-02,   2.227e+03,   2.761e+00,  -1.363e-67,   6.691e-03,   6.787e-01,   1.241e-02,   1.047e-02,   1.750e-01
   7.997e-02,   2.227e+03,   2.761e+00,  -1.681e-67,   6.690e-03,   6.787e-01,   1.241e-02,   1.047e-02,   1.750e-01
   8.010e-02,   2.227e+03,   2.761e+00,  -1.970e-67,   6.690e-03,   6.787e-01,   1.241e-02,   1.047e-02,   1.750e-01
   8.023e-02,   2.227e+03,   2.761e+00,  -2.208e-67,   6.690e-03,   6.787e-01,   1.241e-02,   1.047e-02,   1.750e-01
   8.035e-02,   2.227e+03,   2.761e+00,  -2.380e-67,   6.690e-03,   6.787e-01,   1.241e-02,   1.047e-02,   1.750e-01
   8.048e-02,   2.227e+03,   2.761e+00,  -2.474e-67,   6.689e-03,   6.787e-01,   1.241e-02,   1.046e-02,   1.750e-01
   8.060e-02,   2.227e+03,   2.761e+00,  -2.486e-67,   6.689e-03,   6.787e-01,   1.241e-02,   1.046e-02,   1.750e-01
   8.073e-02,   2.227e+03,   2.761e+00,  -2.419e-67,   6.689e-03,   6.787e-01,   1.241e-02,   1.046e-02,   1.750e-01
   8.085e-02,   2.227e+03,   2.761e+00,  -2.284e-67,   6.689e-03,   6.787e-01,   1.241e-02,   1.046e-02,   1.750e-01
   8.098e-02,   2.227e+03,   2.761e+00,  -2.098e-67,   6.689e-03,   6.787e-01,   1.241e-02,   1.046e-02,   1.750e-01
   8.110e-02,   2.227e+03,   2.761e+00,  -1.877e-67,   6.688e-03,   6.787e-01,   1.241e-02,   1.046e-02,   1.750e-01
   8.123e-02,   2.227e+03,   2.761e+00,  -1.641e-67,   6.688e-03,   6.787e-01,   1.241e-02,   1.046e-02,   1.750e-01
   8.135e-02,   2.227e+03,   2.761e+00,  -1.407e-67,   6.688e-03,   6.787e-01,   1.241e-02,   1.046e-02,   1.750e-01
   8.148e-02,   2.227e+03,   2.761e+00,  -1.188e-67,   6.688e-03,   6.787e-01,   1.241e-02,   1.046e-02,   1.750e-01
   8.160e-02,   2.227e+03,   2.761e+00,  -9.912e-68,   6.688e-03,   6.787e-01,   1.241e-02,   1.046e-02,   1.750e-01
   8.173e-02,   2.227e+03,   2.761e+00,  -8.235e-68,   6.687e-03,   6.787e-01,   1.241e-02,   1.046e-02,   1.750e-01
   8.185e-02,   2.227e+03,   2.761e+00,  -6.859e-68,   6.687e-03,   6.787e-01,   1.241e-02,   1.046e-02,   1.750e-01
   8.198e-02,   2.227e+03,   2.761e+00,  -5.774e-68,   6.687e-03,   6.787e-01,   1.241e-02,   1.046e-02,   1.750e-01
   8.210e-02,   2.227e+03,   2.761e+00,  -4.950e-68,   6.687e-03,   6.787e-01,   1.241e-02,   1.046e-02,   1.750e-01
   8.223e-02,   2.227e+03,   2.761e+00,  -4.342e-68,   6.687e-03,   6.787e-01,   1.241e-02,   1.046e-02,   1.750e-01
   8.235e-02,   2.227e+03,   2.761e+00,  -3.897e-68,   6.686e-03,   6.787e-01,   1.241e-02,   1.046e-02,   1.750e-01
   8.248e-02,   2.227e+03,   2.761e+00,  -3.564e-68,   6.686e-03,   6.787e-01,   1.241e-02,   1.046e-02,   1.750e-01
   8.260e-02,   2.227e+03,   2.761e+00,  -3.295e-68,   6.686e-03,   6.787e-01,   1.241e-02,   1.046e-02,   1.750e-01
   8.273e-02,   2.227e+03,   2.761e+00,  -3.052e-68,   6.686e-03,   6.787e-01,   1.241e-02,   1.046e-02,   1.750e-01
   8.285e-02,   2.227e+03,   2.761e+00,  -2.810e-68,   6.686e-03,   6.787e-01,   1.241e-02,   1.046e-02,   1.750e-01
   8.298e-02,   2.227e+03,   2.761e+00,  -2.558e-68,   6.686e-03,   6.787e-01,   1.241e-02,   1.046e-02,   1.750e-01
   8.310e-02,   2.227e+03,   2.761e+00,  -2.296e-68,   6.686e-03,   6.787e-01,   1.241e-02,   1.046e-02,   1.750e-01
   8.323e-02,   2.227e+03,   2.761e+00,  -2.034e-68,   6.685e-03,   6.787e-01,   1.241e-02,   1.046e-02,   1.750e-01
   8.335e-02,   2.227e+03,   2.761e+00,  -1.788e-68,   6.685e-03,   6.787e-01,   1.241e-02,   1.046e-02,   1.750e-01
   8.348e-02,   2.227e+03,   2.761e+00,  -1.579e-68,   6.685e-03,   6.787e-01,   1.241e-02,   1.046e-02,   1.750e-01
   8.360e-02,   2.227e+03,   2.761e+00,  -1.433e-68,   6.685e-03,   6.787e-01,   1.241e-02,   1.046e-02,   1.750e-01
   8.373e-02,   2.227e+03,   2.761e+00,  -1.379e-68,   6.685e-03,   6.787e-01,   1.241e-02,   1.046e-02,   1.750e-01
   8.385e-02,   2.227e+03,   2.761e+00,  -1.446e-68,   6.685e-03,   6.787e-01,   1.241e-02,   1.046e-02,   1.750e-01
   8.398e-02,   2.227e+03,   2.761e+00,  -1.664e-68,   6.685e-03,   6.787e-01,   1.241e-02,   1.046e-02,   1.750e-01
   8.411e-02,   2.227e+03,   2.761e+00,  -2.057e-68,   6.685e-03,   6.787e-01,   1.241e-02,   1.046e-02,   1.750e-01
   8.423e-02,   2.227e+03,   2.761e+00,  -2.632e-68,   6.684e-03,   6.787e-01,   1.241e-02,   1.046e-02,   1.750e-01
   8.436e-02,   2.227e+03,   2.761e+00,  -3.371e-68,   6.684e-03,   6.787e-01,   1.241e-02,   1.046e-02,   1.750e-01
   8.448e-02,   2.227e+03,   2.761e+00,  -4.227e-68,   6.684e-03,   6.787e-01,   1.241e-02,   1.046e-02,   1.750e-01
   8.461e-02,   2.227e+03,   2.761e+00,  -5.118e-68,   6.684e-03,   6.787e-01,   1.241e-02,   1.046e-02,   1.750e-01
   8.473e-02,   2.227e+03,   2.761e+00,  -5.941e-68,   6.684e-03,   6.787e-01,   1.241e-02,   1.046e-02,   1.750e-01
   8.486e-02,   2.227e+03,   2.761e+00,  -6.593e-68,   6.684e-03,   6.787e-01,   1.241e-02,   1.046e-02,   1.750e-01
   8.498e-02,   2.227e+03,   2.761e+00,  -6.985e-68,   6.684e-03,   6.787e-01,   1.241e-02,   1.046e-02,   1.750e-01
   8.511e-02,   2.227e+03,   2.761e+00,  -7.073e-68,   6.684e-03,   6.787e-01,   1.241e-02,   1.046e-02,   1.750e-01
   8.523e-02,   2.227e+03,   2.761e+00,  -6.854e-68,   6.684e-03,   6.787e-01,   1.241e-02,   1.046e-02,   1.750e-01
   8.536e-02,   2.227e+03,   2.761e+00,  -6.372e-68,   6.684e-03,   6.787e-01,   1.241e-02,   1.046e-02,   1.750e-01
   8.548e-02,   2.227e+03,   2.761e+00,  -5.698e-68,   6.683e-03,   6.787e-01,   1.241e-02,   1.046e-02,   1.750e-01
   8.561e-02,   2.227e+03,   2.761e+00,  -4.921e-68,   6.683e-03,   6.787e-01,   1.241e-02,   1.046e-02,   1.750e-01
   8.573e-02,   2.227e+03,   2.761e+00,  -4.125e-68,   6.683e-03,   6.787e-01,   1.241e-02,   1.046e-02,   1.750e-01
   8.586e-02,   2.227e+03,   2.761e+00,  -3.384e-68,   6.683e-03,   6.787e-01,   1.241e-02,   1.046e-02,   1.750e-01
   8.598e-02,   2.227e+03,   2.761e+00,  -2.752e-68,   6.683e-03,   6.787e-01,   1.241e-02,   1.046e-02,   1.750e-01
   8.611e-02,   2.227e+03,   2.761e+00,  -2.264e-68,   6.683e-03,   6.787e-01,   1.241e-02,   1.046e-02,   1.750e-01
   8.623e-02,   2.227e+03,   2.761e+00,  -1.934e-68,   6.683e-03,   6.787e-01,   1.241e-02,   1.046e-02,   1.750e-01
   8.636e-02,   2.227e+03,   2.761e+00,  -1.759e-68,   6.683e-03,   6.787e-01,   1.241e-02,   1.045e-02,   1.750e-01
   8.648e-02,   2.227e+03,   2.761e+00,  -1.719e-68,   6.683e-03,   6.787e-01,   1.241e-02,   1.045e-02,   1.750e-01
   8.661e-02,   2.227e+03,   2.761e+00,  -1.783e-68,   6.683e-03,   6.787e-01,   1.241e-02,   1.045e-02,   1.750e-01
   8.673e-02,   2.227e+03,   2.761e+00,  -1.910e-68,   6.683e-03,   6.787e-01,   1.241e-02,   1.045e-02,   1.750e-01
   8.686e-02,   2.227e+03,   2.761e+00,  -2.057e-68,   6.683e-03,   6.787e-01,   1.241e-02,   1.045e-02,   1.750e-01
   8.698e-02,   2.227e+03,   2.761e+00,  -2.188e-68,   6.683e-03,   6.787e-01,   1.241e-02,   1.045e-02,   1.750e-01
   8.711e-02,   2.227e+03,   2.761e+00,  -2.276e-68,   6.683e-03,   6.787e-01,   1.241e-02,   1.045e-02,   1.750e-01
   8.723e-02,   2.227e+03,   2.761e+00,  -2.304e-68,   6.683e-03,   6.787e-01,   1.241e-02,   1.045e-02,   1.750e-01
   8.736e-02,   2.227e+03,   2.761e+00,  -2.272e-68,   6.682e-03,   6.787e-01,   1.241e-02,   1.045e-02,   1.750e-01
   8.748e-02,   2.227e+03,   2.761e+00,  -2.185e-68,   6.682e-03,   6.787e-01,   1.241e-02,   1.045e-02,   1.750e-01
   8.761e-02,   2.227e+03,   2.761e+00,  -2.055e-68,   6.682e-03,   6.787e-01,   1.241e-02,   1.045e-02,   1.750e-01
   8.773e-02,   2.227e+03,   2.761e+00,  -1.896e-68,   6.682e-03,   6.787e-01,   1.241e-02,   1.045e-02,   1.750e-01
   8.786e-02,   2.227e+03,   2.761e+00,  -1.721e-68,   6.682e-03,   6.787e-01,   1.241e-02,   1.045e-02,   1.750e-01
   8.798e-02,   2.227e+03,   2.761e+00,  -1.540e-68,   6.682e-03,   6.787e-01,   1.241e-02,   1.045e-02,   1.750e-01
   8.811e-02,   2.227e+03,   2.761e+00,  -1.358e-68,   6.682e-03,   6.787e-01,   1.241e-02,   1.045e-02,   1.750e-01
   8.824e-02,   2.227e+03,   2.761e+00,  -1.182e-68,   6.682e-03,   6.787e-01,   1.241e-02,   1.045e-02,   1.750e-01
   8.836e-02,   2.227e+03,   2.761e+00,  -1.013e-68,   6.682e-03,   6.787e-01,   1.241e-02,   1.045e-02,   1.750e-01
   8.849e-02,   2.227e+03,   2.761e+00,  -8.538e-69,   6.682e-03,   6.787e-01,   1.241e-02,   1.045e-02,   1.750e-01
   8.861e-02,   2.227e+03,   2.761e+00,  -7.059e-69,   6.682e-03,   6.787e-01,   1.241e-02,   1.045e-02,   1.750e-01
   8.874e-02,   2.227e+03,   2.761e+00,  -5.696e-69,   6.682e-03,   6.787e-01,   1.241e-02,   1.045e-02,   1.750e-01
   8.886e-02,   2.227e+03,   2.761e+00,  -4.436e-69,   6.682e-03,   6.787e-01,   1.241e-02,   1.045e-02,   1.750e-01
   8.899e-02,   2.227e+03,   2.761e+00,  -3.246e-69,   6.682e-03,   6.787e-01,   1.241e-02,   1.045e-02,   1.750e-01
   8.911e-02,   2.227e+03,   2.761e+00,  -2.056e-69,   6.682e-03,   6.787e-01,   1.241e-02,   1.045e-02,   1.750e-01
   8.924e-02,   2.227e+03,   2.761e+00,  -7.328e-70,   6.682e-03,   6.787e-01,   1.241e-02,   1.045e-02,   1.750e-01
   8.936e-02,   2.227e+03,   2.761e+00,   9.773e-70,   6.682e-03,   6.787e-01,   1.241e-02,   1.045e-02,   1.750e-01
   8.949e-02,   2.227e+03,   2.761e+00,   3.555e-69,   6.682e-03,   6.787e-01,   1.241e-02,   1.045e-02,   1.750e-01
   8.961e-02,   2.227e+03,   2.761e+00,   7.925e-69,   6.682e-03,   6.787e-01,   1.241e-02,   1.045e-02,   1.750e-01
   8.974e-02,   2.227e+03,   2.761e+00,   1.585e-68,   6.682e-03,   6.787e-01,   1.241e-02,   1.045e-02,   1.750e-01
   8.986e-02,   2.227e+03,   2.761e+00,   3.053e-68,   6.682e-03,   6.787e-01,   1.241e-02,   1.045e-02,   1.750e-01
   8.999e-02,   2.227e+03,   2.761e+00,   5.768e-68,   6.682e-03,   6.787e-01,   1.241e-02,   1.045e-02,   1.750e-01
   9.011e-02,   2.227e+03,   2.761e+00,   1.070e-67,   6.682e-03,   6.787e-01,   1.241e-02,   1.045e-02,   1.750e-01
   9.024e-02,   2.227e+03,   2.761e+00,   1.938e-67,   6.681e-03,   6.787e-01,   1.241e-02,   1.045e-02,   1.750e-01
   9.036e-02,   2.227e+03,   2.761e+00,   3.409e-67,   6.681e-03,   6.787e-01,   1.241e-02,   1.045e-02,   1.750e-01
   9.049e-02,   2.227e+03,   2.761e+00,   5.785e-67,   6.681e-03,   6.787e-01,   1.241e-02,   1.045e-02,   1.750e-01
   9.061e-02,   2.227e+03,   2.761e+00,   9.417e-67,   6.681e-03,   6.787e-01,   1.241e-02,   1.045e-02,   1.750e-01
   9.074e-02,   2.227e+03,   2.761e+00,   1.462e-66,   6.681e-03,   6.787e-01,   1.241e-02,   1.045e-02,   1.750e-01
   9.086e-02,   2.227e+03,   2.761e+00,   2.156e-66,   6.681e-03,   6.787e-01,   1.241e-02,   1.045e-02,   1.750e-01
   9.099e-02,   2.227e+03,   2.761e+00,   3.005e-66,   6.681e-03,   6.787e-01,   1.241e-02,   1.045e-02,   1.750e-01
   9.111e-02,   2.227e+03,   2.761e+00,   3.953e-66,   6.681e-03,   6.787e-01,   1.241e-02,   1.045e-02,   1.750e-01
   9.124e-02,   2.227e+03,   2.761e+00,   4.906e-66,   6.681e-03,   6.787e-01,   1.241e-02,   1.045e-02,   1.750e-01
   9.136e-02,   2.227e+03,   2.761e+00,   5.758e-66,   6.681e-03,   6.787e-01,   1.241e-02,   1.045e-02,   1.750e-01
   9.149e-02,   2.227e+03,   2.761e+00,   6.414e-66,   6.681e-03,   6.787e-01,   1.241e-02,   1.045e-02,   1.750e-01
   9.161e-02,   2.227e+03,   2.761e+00,   6.810e-66,   6.681e-03,   6.787e-01,   1.241e-02,   1.045e-02,   1.750e-01
   9.174e-02,   2.227e+03,   2.761e+00,   6.925e-66,   6.681e-03,   6.787e-01,   1.241e-02,   1.045e-02,   1.750e-01
   9.186e-02,   2.227e+03,   2.761e+00,   6.769e-66,   6.681e-03,   6.787e-01,   1.241e-02,   1.045e-02,   1.750e-01
   9.199e-02,   2.227e+03,   2.761e+00,   6.385e-66,   6.681e-03,   6.787e-01,   1.241e-02,   1.045e-02,   1.750e-01
   9.212e-02,   2.227e+03,   2.761e+00,   5.830e-66,   6.681e-03,   6.787e-01,   1.241e-02,   1.045e-02,   1.750e-01
   9.224e-02,   2.227e+03,   2.761e+00,   5.165e-66,   6.681e-03,   6.787e-01,   1.241e-02,   1.045e-02,   1.750e-01
   9.237e-02,   2.227e+03,   2.761e+00,   4.452e-66,   6.681e-03,   6.787e-01,   1.241e-02,   1.045e-02,   1.750e-01
   9.249e-02,   2.227e+03,   2.761e+00,   3.741e-66,   6.681e-03,   6.787e-01,   1.241e-02,   1.045e-02,   1.750e-01
   9.262e-02,   2.227e+03,   2.761e+00,   3.069e-66,   6.681e-03,   6.787e-01,   1.241e-02,   1.045e-02,   1.750e-01
   9.274e-02,   2.227e+03,   2.761e+00,   2.463e-66,   6.681e-03,   6.787e-01,   1.241e-02,   1.045e-02,   1.750e-01
   9.287e-02,   2.227e+03,   2.761e+00,   1.936e-66,   6.681e-03,   6.787e-01,   1.241e-02,   1.045e-02,   1.750e-01
   9.299e-02,   2.227e+03,   2.761e+00,   1.492e-66,   6.681e-03,   6.787e-01,   1.241e-02,   1.045e-02,   1.750e-01
   9.312e-02,   2.227e+03,   2.761e+00,   1.130e-66,   6.681e-03,   6.787e-01,   1.241e-02,   1.045e-02,   1.750e-01
   9.324e-02,   2.227e+03,   2.761e+00,   8.412e-67,   6.681e-03,   6.787e-01,   1.241e-02,   1.045e-02,   1.750e-01
   9.337e-02,   2.227e+03,   2.761e+00,   6.164e-67,   6.681e-03,   6.787e-01,   1.241e-02,   1.045e-02,   1.750e-01
   9.349e-02,   2.227e+03,   2.761e+00,   4.450e-67,   6.681e-03,   6.787e-01,   1.241e-02,   1.045e-02,   1.750e-01
   9.362e-02,   2.227e+03,   2.761e+00,   3.168e-67,   6.681e-03,   6.787e-01,   1.241e-02,   1.045e-02,   1.750e-01
   9.374e-02,   2.227e+03,   2.761e+00,   2.225e-67,   6.681e-03,   6.787e-01,   1.241e-02,   1.045e-02,   1.750e-01
   9.387e-02,   2.227e+03,   2.761e+00,   1.543e-67,   6.681e-03,   6.787e-01,   1.241e-02,   1.045e-02,   1.750e-01
   9.399e-02,   2.227e+03,   2.761e+00,   1.057e-67,   6.681e-03,   6.787e-01,   1.241e-02,   1.045e-02,   1.750e-01
   9.412e-02,   2.227e+03,   2.761e+00,   7.152e-68,   6.681e-03,   6.787e-01,   1.241e-02,   1.045e-02,   1.750e-01
   9.424e-02,   2.227e+03,   2.761e+00,   4.777e-68,   6.681e-03,   6.787e-01,   1.241e-02,   1.045e-02,   1.750e-01
   9.437e-02,   2.227e+03,   2.761e+00,   3.148e-68,   6.681e-03,   6.787e-01,   1.241e-02,   1.045e-02,   1.750e-01
   9.449e-02,   2.227e+03,   2.761e+00,   2.044e-68,   6.681e-03,   6.787e-01,   1.241e-02,   1.045e-02,   1.750e-01
   9.462e-02,   2.227e+03,   2.761e+00,   1.305e-68,   6.681e-03,   6.787e-01,   1.241e-02,   1.045e-02,   1.750e-01
   9.474e-02,   2.227e+03,   2.761e+00,   8.183e-69,   6.681e-03,   6.787e-01,   1.241e-02,   1.045e-02,   1.750e-01
   9.487e-02,   2.227e+03,   2.761e+00,   5.020e-69,   6.681e-03,   6.787e-01,   1.241e-02,   1.045e-02,   1.750e-01
   9.499e-02,   2.227e+03,   2.761e+00,   3.003e-69,   6.681e-03,   6.787e-01,   1.241e-02,   1.045e-02,   1.750e-01
   9.512e-02,   2.227e+03,   2.761e+00,   1.743e-69,   6.681e-03,   6.787e-01,   1.241e-02,   1.045e-02,   1.750e-01
   9.524e-02,   2.227e+03,   2.761e+00,   9.779e-70,   6.681e-03,   6.787e-01,   1.241e-02,   1.045e-02,   1.750e-01
   9.537e-02,   2.227e+03,   2.761e+00,   5.295e-70,   6.681e-03,   6.787e-01,   1.241e-02,   1.045e-02,   1.750e-01
   9.549e-02,   2.227e+03,   2.761e+00,   2.809e-70,   6.681e-03,   6.787e-01,   1.241e-02,   1.045e-02,   1.750e-01
   9.562e-02,   2.227e+03,   2.761e+00,   1.553e-70,   6.681e-03,   6.787e-01,   1.241e-02,   1.045e-02,   1.750e-01
   9.574e-02,   2.227e+03,   2.761e+00,   1.028e-70,   6.681e-03,   6.787e-01,   1.241e-02,   1.045e-02,   1.750e-01
   9.587e-02,   2.227e+03,   2.761e+00,   8.840e-71,   6.681e-03,   6.787e-01,   1.241e-02,   1.045e-02,   1.750e-01
   9.599e-02,   2.227e+03,   2.761e+00,   8.780e-71,   6.681e-03,   6.787e-01,   1.241e-02,   1.045e-02,   1.750e-01
   9.612e-02,   2.227e+03,   2.761e+00,   8.336e-71,   6.681e-03,   6.787e-01,   1.241e-02,   1.045e-02,   1.750e-01
   9.625e-02,   2.227e+03,   2.761e+00,   6.278e-71,   6.681e-03,   6.787e-01,   1.241e-02,   1.045e-02,   1.750e-01
   9.637e-02,   2.227e+03,   2.761e+00,   1.944e-71,   6.681e-03,   6.787e-01,   1.241e-02,   1.045e-02,   1.750e-01
   9.650e-02,   2.227e+03,   2.761e+00,  -5.723e-71,   6.681e-03,   6.787e-01,   1.241e-02,   1.045e-02,   1.750e-01
   9.662e-02,   2.227e+03,   2.761e+00,  -1.744e-70,   6.681e-03,   6.787e-01,   1.241e-02,   1.045e-02,   1.750e-01
   9.675e-02,   2.227e+03,   2.761e+00,  -3.327e-70,   6.681e-03,   6.787e-01,   1.241e-02,   1.045e-02,   1.750e-01
   9.687e-02,   2.227e+03,   2.761e+00,  -5.229e-70,   6.681e-03,   6.787e-01,   1.241e-02,   1.045e-02,   1.750e-01
   9.700e-02,   2.227e+03,   2.761e+00,  -7.264e-70,   6.681e-03,   6.787e-01,   1.241e-02,   1.045e-02,   1.750e-01
   9.712e-02,   2.227e+03,   2.761e+00,  -9.186e-70,   6.681e-03,   6.787e-01,   1.241e-02,   1.045e-02,   1.750e-01
   9.725e-02,   2.227e+03,   2.761e+00,  -1.075e-69,   6.681e-03,   6.787e-01,   1.241e-02,   1.045e-02,   1.750e-01
   9.737e-02,   2.227e+03,   2.761e+00,  -1.178e-69,   6.681e-03,   6.787e-01,   1.241e-02,   1.045e-02,   1.750e-01
   9.750e-02,   2.227e+03,   2.761e+00,  -1.216e-69,   6.681e-03,   6.787e-01,   1.241e-02,   1.045e-02,   1.750e-01
   9.762e-02,   2.227e+03,   2.761e+00,  -1.191e-69,   6.681e-03,   6.787e-01,   1.241e-02,   1.045e-02,   1.750e-01
   9.775e-02,   2.227e+03,   2.761e+00,  -1.110e-69,   6.681e-03,   6.787e-01,   1.241e-02,   1.045e-02,   1.750e-01
   9.787e-02,   2.227e+03,   2.761e+00,  -9.837e-70,   6.681e-03,   6.787e-01,   1.241e-02,   1.045e-02,   1.750e-01
   9.800e-02,   2.227e+03,   2.761e+00,  -8.268e-70,   6.681e-03,   6.787e-01,   1.241e-02,   1.045e-02,   1.750e-01
   9.812e-02,   2.227e+03,   2.761e+00,  -6.518e-70,   6.681e-03,   6.787e-01,   1.241e-02,   1.045e-02,   1.750e-01
   9.825e-02,   2.227e+03,   2.761e+00,  -4.693e-70,   6.681e-03,   6.787e-01,   1.241e-02,   1.045e-02,   1.750e-01
   9.837e-02,   2.227e+03,   2.761e+00,  -2.879e-70,   6.681e-03,   6.787e-01,   1.241e-02,   1.045e-02,   1.750e-01
   9.850e-02,   2.227e+03,   2.761e+00,  -1.136e-70,   6.681e-03,   6.787e-01,   1.241e-02,   1.045e-02,   1.750e-01
   9.862e-02,   2.227e+03,   2.761e+00,   4.976e-71,   6.681e-03,   6.787e-01,   1.241e-02,   1.045e-02,   1.750e-01
   9.875e-02,   2.227e+03,   2.761e+00,   2.005e-70,   6.681e-03,   6.787e-01,   1.241e-02,   1.045e-02,   1.750e-01
   9.887e-02,   2.227e+03,   2.761e+00,   3.384e-70,   6.680e-03,   6.787e-01,   1.241e-02,   1.045e-02,   1.750e-01
   9.900e-02,   2.227e+03,   2.761e+00,   4.624e-70,   6.680e-03,   6.787e-01,   1.241e-02,   1.045e-02,   1.750e-01
   9.912e-02,   2.227e+03,   2.761e+00,   5.693e-70,   6.680e-03,   6.787e-01,   1.241e-02,   1.045e-02,   1.750e-01
   9.925e-02,   2.227e+03,   2.761e+00,   6.533e-70,   6.680e-03,   6.787e-01,   1.241e-02,   1.045e-02,   1.750e-01
   9.937e-02,   2.227e+03,   2.761e+00,   7.094e-70,   6.680e-03,   6.787e-01,   1.241e-02,   1.045e-02,   1.750e-01
   9.950e-02,   2.227e+03,   2.761e+00,   7.359e-70,   6.680e-03,   6.787e-01,   1.241e-02,   1.045e-02,   1.750e-01
   9.962e-02,   2.227e+03,   2.761e+00,   7.372e-70,   6.680e-03,   6.787e-01,   1.241e-02,   1.045e-02,   1.750e-01
   9.975e-02,   2.227e+03,   2.761e+00,   7.238e-70,   6.680e-03,   6.787e-01,   1.241e-02,   1.045e-02,   1.750e-01
   9.987e-02,   2.227e+03,   2.761e+00,   7.098e-70,   6.680e-03,   6.787e-01,   1.241e-02,   1.045e-02,   1.750e-01
   1.000e-01,   2.227e+03,   2.761e+00,   7.098e-70,   6.680e-03,   6.787e-01,   1.241e-02,   1.045e-02,   1.750e-01
