# t [s], xp [m], d [micron], d^2 [micron^2], mp [mg], Tp [K], Tg [K], ug [m/s], Sm [kg/m3s], Sh [J/m3s]
0,0,20,400,2.84829e-06,300,300,0.14647,0,0
9.27553e-05,1.35858e-05,19.9526,398.104,2.83113e-06,299.022,299.969,0.146445,-6.30568e-06,0
0.000185511,2.71717e-05,19.9066,396.273,2.81509e-06,298.145,299.937,0.146421,-5.92333e-06,0.119234
0.000278266,4.07573e-05,19.8639,394.573,2.80003e-06,297.358,299.906,0.146397,-5.59238e-06,0.224925
0.000371021,5.43424e-05,19.8239,392.985,2.78581e-06,296.65,299.874,0.146372,-5.3044e-06,0.318768
0.000463777,6.79269e-05,19.7862,391.495,2.77232e-06,296.012,299.843,0.146348,-5.05259e-06,0.402214
0.000556532,8.15105e-05,19.7507,390.091,2.75947e-06,295.437,299.811,0.146324,-4.83144e-06,0.4765
0.000649287,9.50931e-05,19.717,388.761,2.74719e-06,294.919,299.78,0.146299,-4.63644e-06,0.542684
0.000742043,0.000108675,19.6849,387.497,2.7354e-06,294.451,299.748,0.146275,-4.46386e-06,0.601682
0.000834798,0.000122255,19.6543,386.291,2.72405e-06,294.028,299.717,0.146251,-4.31059e-06,0.654289
0.000927553,0.000135834,19.6249,385.136,2.71308e-06,293.645,299.686,0.146226,-4.17404e-06,0.701199
0.00102031,0.000149411,19.5966,384.027,2.70247e-06,293.299,299.654,0.146202,-4.05202e-06,0.743022
0.00111306,0.000162987,19.5693,382.958,2.69217e-06,292.985,299.623,0.146178,-3.94267e-06,0.780293
0.00120582,0.000176561,19.5429,381.925,2.68214e-06,292.701,299.591,0.146153,-3.84443e-06,0.813488
0.00129857,0.000190133,19.5173,380.924,2.67236e-06,292.443,299.56,0.146129,-3.75592e-06,0.843027
0.00139133,0.000203703,19.4924,379.952,2.66281e-06,292.209,299.529,0.146105,-3.67599e-06,0.869284
0.00148409,0.000217272,19.4681,379.005,2.65347e-06,291.997,299.497,0.14608,-3.60362e-06,0.892592
0.00157684,0.000230839,19.4443,378.082,2.6443e-06,291.804,299.466,0.146056,-3.53796e-06,0.913248
0.0016696,0.000244404,19.4211,377.179,2.6353e-06,291.629,299.434,0.146032,-3.47822e-06,0.931519
0.00176235,0.000257967,19.3983,376.296,2.62646e-06,291.469,299.403,0.146007,-3.42376e-06,0.947643
0.00185511,0.000271527,19.376,375.429,2.61775e-06,291.324,299.372,0.145983,-3.37399e-06,0.961832
0.00194786,0.000285086,19.354,374.577,2.60917e-06,291.191,299.34,0.145959,-3.3284e-06,0.97428
0.00204062,0.000298643,19.3323,373.739,2.60071e-06,291.07,299.309,0.145934,-3.28653e-06,0.985157
0.00213337,0.000312197,19.311,372.913,2.59235e-06,290.96,299.277,0.14591,-3.24799e-06,0.99462
0.00222613,0.00032575,19.2899,372.099,2.58409e-06,290.859,299.246,0.145886,-3.21243e-06,1.00281
0.00231888,0.0003393,19.269,371.296,2.57592e-06,290.767,299.215,0.145861,-3.17954e-06,1.00984
0.00241164,0.000352848,19.2484,370.501,2.56784e-06,290.683,299.183,0.145837,-3.14903e-06,1.01584
0.00250439,0.000366394,19.228,369.716,2.55983e-06,290.605,299.152,0.145813,-3.12067e-06,1.02091
0.00259715,0.000379938,19.2078,368.938,2.5519e-06,290.534,299.121,0.145789,-3.09423e-06,1.02513
0.0026899,0.00039348,19.1877,368.167,2.54403e-06,290.469,299.089,0.145764,-3.06952e-06,1.02859
0.00278266,0.000407019,19.1678,367.403,2.53622e-06,290.409,299.058,0.14574,-3.04636e-06,1.03137
0.00287541,0.000420556,19.148,366.646,2.52848e-06,290.353,299.027,0.145716,-3.0246e-06,1.03353
0.00296817,0.000434091,19.1283,365.894,2.52078e-06,290.302,298.995,0.145692,-3.00409e-06,1.03513
0.00306093,0.000447624,19.1088,365.147,2.51314e-06,290.254,298.964,0.145667,-2.98471e-06,1.03623
0.00315368,0.000461154,19.0894,364.405,2.50555e-06,290.21,298.933,0.145643,-2.96635e-06,1.03688
0.00324644,0.000474682,19.0701,363.668,2.49801e-06,290.17,298.901,0.145619,-2.94891e-06,1.03712
0.00333919,0.000488208,19.0508,362.935,2.49051e-06,290.132,298.87,0.145594,-2.93229e-06,1.03699
0.00343195,0.000501732,19.0317,362.205,2.48306e-06,290.096,298.839,0.14557,-2.91643e-06,1.03653
0.0035247,0.000515254,19.0126,361.48,2.47564e-06,290.063,298.807,0.145546,-2.90123e-06,1.03578
0.00361746,0.000528773,18.9936,360.758,2.46826e-06,290.032,298.776,0.145522,-2.88664e-06,1.03476
0.00371021,0.00054229,18.9747,360.039,2.46092e-06,290.003,298.745,0.145498,-2.8726e-06,1.0335
0.00380297,0.000555804,18.9558,359.324,2.45362e-06,289.975,298.714,0.145473,-2.85906e-06,1.03202
0.00389572,0.000569317,18.937,358.611,2.44635e-06,289.949,298.682,0.145449,-2.84596e-06,1.03035
0.00398848,0.000582827,18.9183,357.902,2.43911e-06,289.924,298.651,0.145425,-2.83327e-06,1.0285
0.00408123,0.000596335,18.8996,357.195,2.43191e-06,289.901,298.62,0.145401,-2.82094e-06,1.0265
0.00417399,0.00060984,18.881,356.49,2.42473e-06,289.879,298.589,0.145376,-2.80895e-06,1.02435
0.00426674,0.000623343,18.8624,355.788,2.41759e-06,289.857,298.557,0.145352,-2.79725e-06,1.02208
0.0043595,0.000636845,18.8438,355.089,2.41048e-06,289.837,298.526,0.145328,-2.78583e-06,1.0197
0.00445226,0.000650343,18.8253,354.392,2.40339e-06,289.818,298.495,0.145304,-2.77465e-06,1.01722
0.00454501,0.00066384,18.8068,353.697,2.39634e-06,289.799,298.464,0.14528,-2.7637e-06,1.01465
0.00463777,0.000677334,18.7884,353.004,2.38931e-06,289.781,298.432,0.145255,-2.75295e-06,1.012
0.00473052,0.000690826,18.77,352.314,2.38231e-06,289.763,298.401,0.145231,-2.74238e-06,1.00927
0.00482328,0.000704315,18.7517,351.625,2.37533e-06,289.746,298.37,0.145207,-2.73199e-06,1.00648
0.00491603,0.000717803,18.7334,350.939,2.36839e-06,289.73,298.339,0.145183,-2.72174e-06,1.00364
0.00500879,0.000731288,18.7151,350.254,2.36147e-06,289.714,298.307,0.145159,-2.71164e-06,1.00074
0.00510154,0.000744771,18.6968,349.571,2.35457e-06,289.698,298.276,0.145135,-2.70166e-06,0.997804
0.0051943,0.000758251,18.6786,348.891,2.3477e-06,289.683,298.245,0.14511,-2.6918e-06,0.994825
0.00528705,0.00077173,18.6604,348.212,2.34085e-06,289.668,298.214,0.145086,-2.68205e-06,0.991811
0.00537981,0.000785205,18.6423,347.535,2.33403e-06,289.654,298.183,0.145062,-2.67239e-06,0.988767
0.00547256,0.000798679,18.6242,346.86,2.32724e-06,289.639,298.151,0.145038,-2.66282e-06,0.985696
0.00556532,0.000812151,18.6061,346.186,2.32047e-06,289.625,298.12,0.145014,-2.65334e-06,0.982601
0.00565807,0.00082562,18.588,345.515,2.31372e-06,289.611,298.089,0.14499,-2.64393e-06,0.979487
0.00575083,0.000839087,18.57,344.845,2.307e-06,289.597,298.058,0.144965,-2.63459e-06,0.976355
0.00584359,0.000852551,18.552,344.177,2.3003e-06,289.584,298.027,0.144941,-2.62532e-06,0.973208
0.00593634,0.000866014,18.534,343.511,2.29362e-06,289.571,297.996,0.144917,-2.6161e-06,0.970048
0.0060291,0.000879474,18.5161,342.846,2.28697e-06,289.557,297.965,0.144893,-2.60694e-06,0.966878
0.00612185,0.000892931,18.4982,342.183,2.28034e-06,289.544,297.933,0.144869,-2.59784e-06,0.963699
0.00621461,0.000906387,18.4803,341.522,2.27373e-06,289.531,297.902,0.144845,-2.58878e-06,0.960512
0.00630736,0.00091984,18.4624,340.862,2.26715e-06,289.518,297.871,0.144821,-2.57977e-06,0.95732
0.00640012,0.000933291,18.4446,340.204,2.26059e-06,289.506,297.84,0.144797,-2.5708e-06,0.954123
0.00649287,0.00094674,18.4268,339.548,2.25405e-06,289.493,297.809,0.144772,-2.56187e-06,0.950923
0.00658563,0.000960186,18.4091,338.893,2.24754e-06,289.48,297.778,0.144748,-2.55298e-06,0.94772
0.00667838,0.00097363,18.3913,338.24,2.24105e-06,289.468,297.747,0.144724,-2.54412e-06,0.944517
0.00677114,0.000987072,18.3736,337.589,2.23458e-06,289.455,297.715,0.1447,-2.5353e-06,0.941312
0.00686389,0.00100051,18.3559,336.939,2.22813e-06,289.443,297.684,0.144676,-2.52652e-06,0.938109
0.00695665,0.00101395,18.3382,336.291,2.22171e-06,289.43,297.653,0.144652,-2.51776e-06,0.934906
0.0070494,0.00102738,18.3206,335.645,2.2153e-06,289.418,297.622,0.144628,-2.50903e-06,0.931705
0.00714216,0.00104082,18.303,335,2.20892e-06,289.406,297.591,0.144604,-2.50033e-06,0.928506
0.00723492,0.00105425,18.2854,334.357,2.20256e-06,289.393,297.56,0.144582,-2.49171e-06,0.925309
0.00732767,0.00106768,18.2679,333.715,2.19623e-06,289.381,297.533,0.144573,-2.48351e-06,0.922156
0.00742043,0.0010811,18.2504,333.075,2.18991e-06,289.369,297.505,0.144565,-2.47535e-06,0.919292
0.00751318,0.00109453,18.2328,332.437,2.18362e-06,289.357,297.477,0.144557,-2.46723e-06,0.916427
0.00760594,0.00110795,18.2154,331.8,2.17734e-06,289.345,297.449,0.144548,-2.45915e-06,0.913562
0.00769869,0.00112137,18.1979,331.164,2.17109e-06,289.333,297.421,0.14454,-2.45111e-06,0.910697
0.00779145,0.00113479,18.1805,330.53,2.16486e-06,289.321,297.393,0.144532,-2.44311e-06,0.907833
0.0078842,0.0011482,18.1631,329.897,2.15865e-06,289.31,297.365,0.144523,-2.43513e-06,0.904969
0.00797696,0.00116162,18.1457,329.266,2.15245e-06,289.298,297.338,0.144515,-2.4272e-06,0.902108
0.00806971,0.00117503,18.1283,328.636,2.14628e-06,289.287,297.31,0.144507,-2.41929e-06,0.899247
0.00816247,0.00118845,18.111,328.008,2.14013e-06,289.275,297.282,0.144498,-2.41141e-06,0.896389
0.00825522,0.00120186,18.0937,327.381,2.134e-06,289.264,297.254,0.14449,-2.40356e-06,0.893533
0.00834798,0.00121527,18.0764,326.756,2.12788e-06,289.252,297.226,0.144482,-2.39574e-06,0.89068
0.00844073,0.00122868,18.0591,326.132,2.12179e-06,289.241,297.198,0.144474,-2.38794e-06,0.887829
0.00853349,0.00124209,18.0419,325.509,2.11572e-06,289.23,297.171,0.144465,-2.38018e-06,0.884981
0.00862624,0.0012555,18.0247,324.888,2.10967e-06,289.218,297.143,0.144457,-2.37243e-06,0.882136
0.008719,0.0012689,18.0075,324.269,2.10364e-06,289.207,297.115,0.144449,-2.36471e-06,0.879294
0.00881176,0.00128231,17.9903,323.65,2.09762e-06,289.196,297.087,0.14444,-2.35701e-06,0.876456
0.00890451,0.00129571,17.9731,323.034,2.09163e-06,289.185,297.059,0.144432,-2.34934e-06,0.873621
0.00899727,0.00130912,17.956,322.418,2.08565e-06,289.174,297.031,0.144424,-2.34168e-06,0.87079
0.00909002,0.00132252,17.9389,321.804,2.0797e-06,289.162,297.004,0.144415,-2.33405e-06,0.867962
0.00918278,0.00133592,17.9218,321.192,2.07376e-06,289.151,296.976,0.144407,-2.32644e-06,0.865139
0.00927553,0.00134932,17.9048,320.58,2.06785e-06,289.14,296.948,0.144399,-2.31885e-06,0.862319
0.00936829,0.00136272,17.8877,319.971,2.06195e-06,289.129,296.92,0.14439,-2.31128e-06,0.859504
0.00946104,0.00137612,17.8707,319.362,2.05607e-06,289.118,296.892,0.144382,-2.30372e-06,0.856693
0.0095538,0.00138952,17.8537,318.756,2.05022e-06,289.107,296.865,0.144374,-2.29619e-06,0.853886
0.00964655,0.00140292,17.8368,318.15,2.04438e-06,289.096,296.837,0.144366,-2.28867e-06,0.851084
0.00973931,0.00141631,17.8198,317.546,2.03856e-06,289.085,296.809,0.144357,-2.28118e-06,0.848286
0.00983206,0.00142971,17.8029,316.943,2.03276e-06,289.074,296.781,0.144349,-2.2737e-06,0.845493
0.00992482,0.0014431,17.786,316.342,2.02697e-06,289.063,296.753,0.144341,-2.26623e-06,0.842704
0.0100176,0.0014565,17.7691,315.742,2.02121e-06,289.052,296.726,0.144332,-2.25879e-06,0.83992
0.0101103,0.00146989,17.7523,315.144,2.01547e-06,289.041,296.698,0.144324,-2.25136e-06,0.837141
0.0102031,0.00148329,17.7355,314.547,2.00974e-06,289.03,296.67,0.144316,-2.24395e-06,0.834367
0.0102958,0.00149668,17.7187,313.951,2.00404e-06,289.019,296.642,0.144307,-2.23655e-06,0.831598
0.0103886,0.00151007,17.7019,313.357,1.99835e-06,289.008,296.614,0.144299,-2.22917e-06,0.828834
0.0104814,0.00152346,17.6851,312.764,1.99268e-06,288.998,296.587,0.144291,-2.22181e-06,0.826075
0.0105741,0.00153685,17.6684,312.172,1.98703e-06,288.987,296.559,0.144283,-2.21446e-06,0.823321
0.0106669,0.00155024,17.6517,311.582,1.9814e-06,288.976,296.531,0.144274,-2.20713e-06,0.820572
0.0107596,0.00156363,17.635,310.994,1.97579e-06,288.965,296.503,0.144266,-2.19982e-06,0.817828
0.0108524,0.00157701,17.6184,310.406,1.97019e-06,288.954,296.475,0.144258,-2.19252e-06,0.815089
0.0109451,0.0015904,17.6017,309.82,1.96462e-06,288.943,296.448,0.144249,-2.18523e-06,0.812356
0.0110379,0.00160378,17.5851,309.236,1.95906e-06,288.932,296.42,0.144241,-2.17796e-06,0.809627
0.0111306,0.00161717,17.5685,308.653,1.95352e-06,288.921,296.392,0.144233,-2.17071e-06,0.806904
0.0112234,0.00163055,17.552,308.071,1.948e-06,288.91,296.364,0.144224,-2.16347e-06,0.804186
0.0113161,0.00164394,17.5354,307.491,1.9425e-06,288.9,296.337,0.144216,-2.15625e-06,0.801474
0.0114089,0.00165732,17.5189,306.912,1.93702e-06,288.889,296.309,0.144208,-2.14904e-06,0.798767
0.0115017,0.0016707,17.5024,306.334,1.93155e-06,288.878,296.281,0.1442,-2.14184e-06,0.796065
0.0115944,0.00168408,17.4859,305.758,1.92611e-06,288.867,296.253,0.144191,-2.13466e-06,0.793368
0.0116872,0.00169746,17.4695,305.184,1.92068e-06,288.856,296.225,0.144183,-2.1275e-06,0.790677
0.0117799,0.00171084,17.4531,304.61,1.91527e-06,288.845,296.198,0.144175,-2.12035e-06,0.787991
0.0118727,0.00172422,17.4367,304.038,1.90988e-06,288.834,296.17,0.144166,-2.11322e-06,0.785311
0.0119654,0.0017376,17.4203,303.468,1.9045e-06,288.823,296.142,0.144158,-2.1061e-06,0.782635
0.0120582,0.00175097,17.404,302.899,1.89915e-06,288.813,296.114,0.14415,-2.09899e-06,0.779965
0.0121509,0.00176435,17.3877,302.331,1.89381e-06,288.802,296.087,0.144142,-2.0919e-06,0.777301
0.0122437,0.00177773,17.3714,301.764,1.88849e-06,288.791,296.059,0.144133,-2.08482e-06,0.774642
0.0123365,0.0017911,17.3551,301.199,1.88319e-06,288.78,296.031,0.144125,-2.07776e-06,0.771988
0.0124292,0.00180447,17.3389,300.636,1.8779e-06,288.769,296.003,0.144117,-2.07071e-06,0.769339
0.012522,0.00181785,17.3226,300.073,1.87264e-06,288.758,295.976,0.144108,-2.06368e-06,0.766696
0.0126147,0.00183122,17.3064,299.513,1.86739e-06,288.747,295.948,0.1441,-2.05666e-06,0.764059
0.0127075,0.00184459,17.2903,298.953,1.86216e-06,288.737,295.92,0.144092,-2.04966e-06,0.761426
0.0128002,0.00185796,17.2741,298.395,1.85695e-06,288.726,295.892,0.144084,-2.04267e-06,0.758799
0.012893,0.00187133,17.258,297.838,1.85175e-06,288.715,295.865,0.144075,-2.03569e-06,0.756177
0.0129857,0.0018847,17.2419,297.283,1.84658e-06,288.704,295.837,0.144067,-2.02873e-06,0.753561
0.0130785,0.00189807,17.2258,296.729,1.84142e-06,288.693,295.809,0.144059,-2.02178e-06,0.75095
0.0131713,0.00191144,17.2098,296.177,1.83628e-06,288.682,295.781,0.14405,-2.01485e-06,0.748344
0.013264,0.0019248,17.1938,295.625,1.83115e-06,288.672,295.754,0.144042,-2.00793e-06,0.745744
0.0133568,0.00193817,17.1778,295.076,1.82605e-06,288.661,295.726,0.144034,-2.00102e-06,0.743149
0.0134495,0.00195154,17.1618,294.527,1.82096e-06,288.65,295.698,0.144026,-1.99413e-06,0.740559
0.0135423,0.0019649,17.1458,293.98,1.81589e-06,288.639,295.67,0.144017,-1.98725e-06,0.737974
0.013635,0.00197826,17.1299,293.434,1.81084e-06,288.628,295.643,0.144009,-1.98039e-06,0.735395
0.0137278,0.00199163,17.114,292.89,1.8058e-06,288.617,295.615,0.144001,-1.97354e-06,0.732821
0.0138205,0.00200499,17.0982,292.347,1.80078e-06,288.607,295.587,0.143992,-1.96671e-06,0.730253
0.0139133,0.00201835,17.0823,291.806,1.79578e-06,288.596,295.56,0.143984,-1.95988e-06,0.727689
0.0140061,0.00203171,17.0665,291.266,1.7908e-06,288.585,295.532,0.143976,-1.95308e-06,0.725131
0.0140988,0.00204507,17.0507,290.727,1.78583e-06,288.574,295.504,0.143968,-1.94628e-06,0.722578
0.0141916,0.00205843,17.0349,290.19,1.78088e-06,288.563,295.476,0.143959,-1.9395e-06,0.720031
0.0142843,0.00207179,17.0192,289.654,1.77595e-06,288.552,295.449,0.143951,-1.93274e-06,0.717488
0.0143771,0.00208515,17.0035,289.119,1.77103e-06,288.542,295.421,0.143943,-1.92599e-06,0.714951
0.0144698,0.0020985,16.9878,288.586,1.76614e-06,288.531,295.393,0.143934,-1.91925e-06,0.712419
0.0145626,0.00211186,16.9721,288.054,1.76126e-06,288.52,295.367,0.143927,-1.9127e-06,0.709893
0.0146553,0.00212521,16.9565,287.523,1.75639e-06,288.509,295.343,0.143919,-1.90635e-06,0.707565
0.0147481,0.00213857,16.9409,286.994,1.75154e-06,288.499,295.319,0.143912,-1.90005e-06,0.705431
0.0148409,0.00215192,16.9253,286.466,1.74671e-06,288.488,295.295,0.143905,-1.89379e-06,0.703287
0.0149336,0.00216528,16.9097,285.939,1.7419e-06,288.478,295.271,0.143898,-1.88758e-06,0.701133
0.0150264,0.00217863,16.8942,285.414,1.7371e-06,288.468,295.247,0.143891,-1.8814e-06,0.698971
0.0151191,0.00219198,16.8787,284.889,1.73231e-06,288.457,295.223,0.143883,-1.87525e-06,0.696802
0.0152119,0.00220533,16.8632,284.366,1.72754e-06,288.447,295.199,0.143876,-1.86913e-06,0.694628
0.0153046,0.00221868,16.8477,283.844,1.72279e-06,288.437,295.175,0.143869,-1.86304e-06,0.69245
0.0153974,0.00223203,16.8322,283.324,1.71805e-06,288.428,295.151,0.143862,-1.85698e-06,0.690269
0.0154901,0.00224538,16.8168,282.804,1.71333e-06,288.418,295.127,0.143854,-1.85094e-06,0.688085
0.0155829,0.00225873,16.8014,282.286,1.70862e-06,288.408,295.103,0.143847,-1.84493e-06,0.6859
0.0156756,0.00227207,16.786,281.769,1.70393e-06,288.398,295.079,0.14384,-1.83893e-06,0.683714
0.0157684,0.00228542,16.7706,281.254,1.69926e-06,288.389,295.055,0.143833,-1.83296e-06,0.681528
0.0158612,0.00229877,16.7553,280.739,1.6946e-06,288.379,295.031,0.143826,-1.82701e-06,0.679342
0.0159539,0.00231211,16.7399,280.226,1.68995e-06,288.369,295.007,0.143818,-1.82107e-06,0.677157
0.0160467,0.00232545,16.7246,279.714,1.68532e-06,288.36,294.983,0.143811,-1.81515e-06,0.674973
0.0161394,0.0023388,16.7094,279.203,1.6807e-06,288.35,294.959,0.143804,-1.80925e-06,0.672791
0.0162322,0.00235214,16.6941,278.693,1.6761e-06,288.341,294.935,0.143797,-1.80337e-06,0.67061
0.0163249,0.00236548,16.6789,278.184,1.67152e-06,288.331,294.911,0.143789,-1.7975e-06,0.668431
0.0164177,0.00237883,16.6636,277.677,1.66695e-06,288.322,294.887,0.143782,-1.79164e-06,0.666255
0.0165104,0.00239217,16.6484,277.171,1.66239e-06,288.312,294.863,0.143775,-1.7858e-06,0.664081
0.0166032,0.00240551,16.6333,276.666,1.65785e-06,288.303,294.839,0.143768,-1.77998e-06,0.66191
0.016696,0.00241885,16.6181,276.162,1.65332e-06,288.293,294.815,0.14376,-1.77416e-06,0.659742
0.0167887,0.00243219,16.603,275.659,1.64881e-06,288.284,294.791,0.143753,-1.76837e-06,0.657578
0.0168815,0.00244552,16.5879,275.158,1.64431e-06,288.274,294.767,0.143746,-1.76258e-06,0.655416
0.0169742,0.00245886,16.5728,274.658,1.63983e-06,288.265,294.743,0.143739,-1.75681e-06,0.653258
0.017067,0.0024722,16.5577,274.159,1.63536e-06,288.255,294.719,0.143732,-1.75105e-06,0.651103
0.0171597,0.00248554,16.5427,273.661,1.63091e-06,288.246,294.695,0.143724,-1.7453e-06,0.648952
0.0172525,0.00249887,16.5277,273.164,1.62647e-06,288.236,294.671,0.143717,-1.73956e-06,0.646804
0.0173452,0.00251221,16.5127,272.669,1.62205e-06,288.227,294.647,0.14371,-1.73384e-06,0.64466
0.017438,0.00252554,16.4977,272.174,1.61764e-06,288.218,294.623,0.143703,-1.72813e-06,0.642519
0.0175308,0.00253887,16.4828,271.681,1.61325e-06,288.208,294.599,0.143695,-1.72243e-06,0.640383
0.0176235,0.00255221,16.4678,271.189,1.60887e-06,288.199,294.575,0.143688,-1.71674e-06,0.63825
0.0177163,0.00256554,16.4529,270.698,1.6045e-06,288.189,294.551,0.143681,-1.71106e-06,0.636121
0.017809,0.00257887,16.438,270.209,1.60015e-06,288.18,294.527,0.143674,-1.7054e-06,0.633996
0.0179018,0.0025922,16.4232,269.72,1.59581e-06,288.171,294.503,0.143667,-1.69974e-06,0.631875
0.0179945,0.00260553,16.4083,269.233,1.59149e-06,288.161,294.479,0.143659,-1.6941e-06,0.629758
0.0180873,0.00261886,16.3935,268.747,1.58718e-06,288.152,294.455,0.143652,-1.68847e-06,0.627645
0.01818,0.00263219,16.3787,268.262,1.58289e-06,288.143,294.431,0.143645,-1.68285e-06,0.625536
0.0182728,0.00264552,16.3639,267.778,1.57861e-06,288.133,294.407,0.143638,-1.67724e-06,0.623431
0.0183656,0.00265884,16.3492,267.296,1.57435e-06,288.124,294.383,0.143631,-1.67164e-06,0.62133
0.0184583,0.00267217,16.3345,266.815,1.57009e-06,288.114,294.359,0.143623,-1.66605e-06,0.619232
0.0185511,0.0026855,16.3198,266.334,1.56586e-06,288.105,294.335,0.143616,-1.66048e-06,0.617139
0.0186438,0.00269882,16.3051,265.855,1.56164e-06,288.096,294.311,0.143609,-1.65491e-06,0.61505
0.0187366,0.00271215,16.2904,265.378,1.55743e-06,288.086,294.287,0.143602,-1.64936e-06,0.612965
0.0188293,0.00272547,16.2758,264.901,1.55323e-06,288.077,294.263,0.143594,-1.64382e-06,0.610884
0.0189221,0.0027388,16.2612,264.425,1.54905e-06,288.068,294.239,0.143587,-1.63829e-06,0.608807
0.0190148,0.00275212,16.2466,263.951,1.54489e-06,288.058,294.215,0.14358,-1.63277e-06,0.606734
0.0191076,0.00276544,16.232,263.478,1.54073e-06,288.049,294.191,0.143573,-1.62726e-06,0.604665
0.0192004,0.00277876,16.2175,263.006,1.5366e-06,288.039,294.167,0.143566,-1.62176e-06,0.6026
0.0192931,0.00279208,16.2029,262.535,1.53247e-06,288.03,294.143,0.143558,-1.61627e-06,0.60054
0.0193859,0.0028054,16.1884,262.066,1.52836e-06,288.021,294.119,0.143551,-1.61079e-06,0.598483
0.0194786,0.00281872,16.174,261.597,1.52427e-06,288.011,294.095,0.143544,-1.60533e-06,0.59643
0.0195714,0.00283204,16.1595,261.13,1.52018e-06,288.002,294.071,0.143537,-1.59987e-06,0.594381
0.0196641,0.00284536,16.1451,260.664,1.51612e-06,287.993,294.047,0.14353,-1.59442e-06,0.592337
0.0197569,0.00285868,16.1307,260.199,1.51206e-06,287.983,294.023,0.143522,-1.58899e-06,0.590296
0.0198496,0.00287199,16.1163,259.735,1.50802e-06,287.974,293.999,0.143515,-1.58357e-06,0.588259
0.0199424,0.00288531,16.1019,259.273,1.50399e-06,287.965,293.975,0.143508,-1.57815e-06,0.586227
0.0200351,0.00289862,16.0876,258.811,1.49998e-06,287.955,293.951,0.143501,-1.57275e-06,0.584198
0.0201279,0.00291194,16.0733,258.351,1.49598e-06,287.946,293.927,0.143493,-1.56736e-06,0.582173
0.0202207,0.00292525,16.059,257.892,1.492e-06,287.937,293.903,0.143486,-1.56198e-06,0.580153
0.0203134,0.00293857,16.0448,257.434,1.48802e-06,287.927,293.879,0.143479,-1.55661e-06,0.578136
0.0204062,0.00295188,16.0305,256.978,1.48407e-06,287.918,293.855,0.143472,-1.55125e-06,0.576123
0.0204989,0.00296519,16.0163,256.522,1.48012e-06,287.908,293.831,0.143465,-1.5459e-06,0.574115
0.0205917,0.0029785,16.0021,256.068,1.47619e-06,287.899,293.807,0.143457,-1.54056e-06,0.57211
0.0206844,0.00299181,15.9879,255.614,1.47227e-06,287.89,293.783,0.14345,-1.53523e-06,0.570109
0.0207772,0.00300512,15.9738,255.162,1.46837e-06,287.88,293.759,0.143443,-1.52991e-06,0.568113
0.0208699,0.00301843,15.9597,254.711,1.46448e-06,287.871,293.736,0.143436,-1.5246e-06,0.56612
0.0209627,0.00303174,15.9456,254.262,1.4606e-06,287.862,293.712,0.143429,-1.51931e-06,0.564131
0.0210555,0.00304505,15.9315,253.813,1.45674e-06,287.852,293.688,0.143421,-1.51402e-06,0.562146
0.0211482,0.00305835,15.9175,253.366,1.45289e-06,287.843,293.664,0.143414,-1.50874e-06,0.560165
0.021241,0.00307166,15.9034,252.92,1.44905e-06,287.834,293.64,0.143407,-1.50348e-06,0.558188
0.0213337,0.00308497,15.8895,252.475,1.44523e-06,287.824,293.616,0.1434,-1.49822e-06,0.556215
0.0214265,0.00309827,15.8755,252.031,1.44142e-06,287.815,293.592,0.143393,-1.49298e-06,0.554246
0.0215192,0.00311158,15.8615,251.588,1.43762e-06,287.806,293.568,0.143385,-1.48774e-06,0.552281
0.021612,0.00312488,15.8476,251.147,1.43384e-06,287.796,293.544,0.143378,-1.48252e-06,0.550319
0.0217047,0.00313818,15.8337,250.706,1.43007e-06,287.787,293.52,0.143371,-1.4773e-06,0.548362
0.0217975,0.00315149,15.8198,250.267,1.42631e-06,287.778,293.496,0.143364,-1.4721e-06,0.546408
0.0218903,0.00316479,15.806,249.829,1.42257e-06,287.768,293.474,0.143357,-1.46707e-06,0.544459
0.021983,0.00317809,15.7921,249.392,1.41884e-06,287.759,293.454,0.143351,-1.46223e-06,0.542702
0.0220758,0.00319139,15.7783,248.956,1.41512e-06,287.75,293.434,0.143346,-1.45743e-06,0.541115
0.0221685,0.00320469,15.7646,248.521,1.41141e-06,287.741,293.413,0.14334,-1.45267e-06,0.539514
0.0222613,0.00321799,15.7508,248.087,1.40772e-06,287.732,293.393,0.143334,-1.44794e-06,0.537902
0.022354,0.00323129,15.737,247.655,1.40404e-06,287.724,293.373,0.143328,-1.44325e-06,0.536281
0.0224468,0.00324458,15.7233,247.223,1.40037e-06,287.715,293.353,0.143322,-1.43859e-06,0.534652
0.0225395,0.00325788,15.7096,246.792,1.39671e-06,287.707,293.333,0.143316,-1.43395e-06,0.533017
0.0226323,0.00327118,15.6959,246.363,1.39306e-06,287.698,293.312,0.143311,-1.42934e-06,0.531377
0.0227251,0.00328447,15.6823,245.934,1.38943e-06,287.69,293.292,0.143305,-1.42475e-06,0.529732
0.0228178,0.00329777,15.6686,245.506,1.3858e-06,287.682,293.272,0.143299,-1.42018e-06,0.528085
0.0229106,0.00331107,15.655,245.08,1.38219e-06,287.674,293.252,0.143293,-1.41563e-06,0.526435
0.0230033,0.00332436,15.6414,244.654,1.37859e-06,287.665,293.232,0.143287,-1.41109e-06,0.524784
0.0230961,0.00333765,15.6278,244.229,1.37501e-06,287.657,293.212,0.143281,-1.40657e-06,0.523132
0.0231888,0.00335095,15.6143,243.805,1.37143e-06,287.649,293.191,0.143276,-1.40207e-06,0.521479
0.0232816,0.00336424,15.6007,243.383,1.36786e-06,287.641,293.171,0.14327,-1.39758e-06,0.519826
0.0233743,0.00337753,15.5872,242.961,1.36431e-06,287.633,293.151,0.143264,-1.3931e-06,0.518174
0.0234671,0.00339082,15.5737,242.54,1.36077e-06,287.625,293.131,0.143258,-1.38864e-06,0.516523
0.0235599,0.00340411,15.5602,242.121,1.35724e-06,287.617,293.111,0.143252,-1.38418e-06,0.514872
0.0236526,0.00341741,15.5468,241.702,1.35372e-06,287.609,293.09,0.143246,-1.37974e-06,0.513223
0.0237454,0.0034307,15.5333,241.284,1.35021e-06,287.601,293.07,0.143241,-1.37531e-06,0.511576
0.0238381,0.00344399,15.5199,240.867,1.34671e-06,287.593,293.05,0.143235,-1.37089e-06,0.50993
0.0239309,0.00345727,15.5065,240.451,1.34322e-06,287.585,293.03,0.143229,-1.36648e-06,0.508287
0.0240236,0.00347056,15.4931,240.037,1.33975e-06,287.578,293.01,0.143223,-1.36208e-06,0.506645
0.0241164,0.00348385,15.4798,239.623,1.33629e-06,287.57,292.99,0.143217,-1.35769e-06,0.505006
0.0242091,0.00349714,15.4664,239.21,1.33283e-06,287.562,292.969,0.143211,-1.35331e-06,0.503369
0.0243019,0.00351042,15.4531,238.798,1.32939e-06,287.554,292.949,0.143206,-1.34894e-06,0.501734
0.0243946,0.00352371,15.4398,238.387,1.32596e-06,287.546,292.929,0.1432,-1.34458e-06,0.500102
0.0244874,0.003537,15.4265,237.977,1.32254e-06,287.538,292.909,0.143194,-1.34022e-06,0.498472
0.0245802,0.00355028,15.4132,237.568,1.31913e-06,287.53,292.889,0.143188,-1.33588e-06,0.496845
0.0246729,0.00356357,15.4,237.16,1.31574e-06,287.522,292.869,0.143182,-1.33154e-06,0.495221
0.0247657,0.00357685,15.3868,236.753,1.31235e-06,287.515,292.848,0.143177,-1.32721e-06,0.493599
0.0248584,0.00359013,15.3736,236.347,1.30898e-06,287.507,292.828,0.143171,-1.3229e-06,0.491981
0.0249512,0.00360342,15.3604,235.942,1.30561e-06,287.499,292.808,0.143165,-1.31858e-06,0.490365
0.0250439,0.0036167,15.3472,235.538,1.30226e-06,287.491,292.788,0.143159,-1.31428e-06,0.488752
0.0251367,0.00362998,15.3341,235.135,1.29892e-06,287.483,292.768,0.143153,-1.30999e-06,0.487141
0.0252294,0.00364326,15.321,234.732,1.29559e-06,287.475,292.748,0.143147,-1.3057e-06,0.485534
0.0253222,0.00365654,15.3079,234.331,1.29227e-06,287.467,292.727,0.143142,-1.30142e-06,0.483929
0.025415,0.00366982,15.2948,233.931,1.28896e-06,287.46,292.707,0.143136,-1.29715e-06,0.482328
0.0255077,0.0036831,15.2817,233.532,1.28566e-06,287.452,292.687,0.14313,-1.29289e-06,0.480729
0.0256005,0.00369638,15.2687,233.134,1.28237e-06,287.444,292.667,0.143124,-1.28864e-06,0.479133
0.0256932,0.00370966,15.2557,232.736,1.27909e-06,287.436,292.647,0.143118,-1.28439e-06,0.47754
0.025786,0.00372294,15.2427,232.34,1.27583e-06,287.428,292.627,0.143112,-1.28015e-06,0.47595
0.0258787,0.00373622,15.2297,231.945,1.27257e-06,287.42,292.606,0.143107,-1.27593e-06,0.474363
0.0259715,0.00374949,15.2168,231.55,1.26933e-06,287.412,292.586,0.143101,-1.2717e-06,0.472779
0.0260642,0.00376277,15.2039,231.157,1.26609e-06,287.405,292.566,0.143095,-1.26749e-06,0.471198
0.026157,0.00377604,15.1909,230.765,1.26287e-06,287.397,292.546,0.143089,-1.26328e-06,0.469619
0.0262498,0.00378932,15.1781,230.373,1.25966e-06,287.389,292.526,0.143083,-1.25909e-06,0.468044
0.0263425,0.00380259,15.1652,229.983,1.25646e-06,287.381,292.506,0.143078,-1.2549e-06,0.466472
0.0264353,0.00381587,15.1524,229.594,1.25326e-06,287.373,292.485,0.143072,-1.25071e-06,0.464902
0.026528,0.00382914,15.1395,229.205,1.25008e-06,287.365,292.465,0.143066,-1.24654e-06,0.463336
0.0266208,0.00384242,15.1267,228.818,1.24691e-06,287.358,292.445,0.14306,-1.24237e-06,0.461772
0.0267135,0.00385569,15.1139,228.431,1.24375e-06,287.35,292.425,0.143054,-1.23821e-06,0.460212
0.0268063,0.00386896,15.1012,228.046,1.24061e-06,287.342,292.405,0.143048,-1.23406e-06,0.458654
0.026899,0.00388223,15.0885,227.661,1.23747e-06,287.334,292.385,0.143043,-1.22992e-06,0.457099
0.0269918,0.0038955,15.0757,227.278,1.23434e-06,287.326,292.365,0.143037,-1.22578e-06,0.455547
0.0270846,0.00390877,15.063,226.895,1.23122e-06,287.318,292.344,0.143031,-1.22166e-06,0.453998
0.0271773,0.00392204,15.0504,226.514,1.22812e-06,287.311,292.324,0.143025,-1.21754e-06,0.452452
0.0272701,0.00393531,15.0377,226.133,1.22502e-06,287.303,292.304,0.143019,-1.21342e-06,0.450909
0.0273628,0.00394858,15.0251,225.753,1.22194e-06,287.295,292.284,0.143013,-1.20932e-06,0.449369
0.0274556,0.00396185,15.0125,225.375,1.21886e-06,287.287,292.264,0.143008,-1.20522e-06,0.447832
0.0275483,0.00397512,14.9999,224.997,1.2158e-06,287.279,292.244,0.143002,-1.20113e-06,0.446297
0.0276411,0.00398838,14.9873,224.62,1.21274e-06,287.271,292.224,0.142996,-1.19705e-06,0.444765
0.0277338,0.00400165,14.9748,224.244,1.2097e-06,287.264,292.203,0.14299,-1.19298e-06,0.443237
0.0278266,0.00401492,14.9623,223.869,1.20666e-06,287.256,292.183,0.142984,-1.18891e-06,0.441711
0.0279194,0.00402818,14.9498,223.495,1.20364e-06,287.248,292.163,0.142979,-1.18485e-06,0.440188
0.0280121,0.00404145,14.9373,223.123,1.20063e-06,287.24,292.143,0.142973,-1.1808e-06,0.438668
0.0281049,0.00405471,14.9248,222.751,1.19762e-06,287.232,292.123,0.142967,-1.17676e-06,0.437151
0.0281976,0.00406798,14.9124,222.38,1.19463e-06,287.224,292.103,0.142961,-1.17272e-06,0.435636
0.0282904,0.00408124,14.9,222.01,1.19165e-06,287.217,292.083,0.142955,-1.16869e-06,0.434125
0.0283831,0.0040945,14.8876,221.64,1.18868e-06,287.209,292.062,0.142949,-1.16467e-06,0.432616
0.0284759,0.00410776,14.8752,221.272,1.18572e-06,287.201,292.042,0.142944,-1.16066e-06,0.43111
0.0285686,0.00412103,14.8629,220.905,1.18276e-06,287.193,292.022,0.142938,-1.15665e-06,0.429607
0.0286614,0.00413429,14.8506,220.539,1.17982e-06,287.185,292.002,0.142932,-1.15265e-06,0.428107
0.0287541,0.00414755,14.8383,220.174,1.17689e-06,287.177,291.982,0.142926,-1.14866e-06,0.42661
0.0288469,0.00416081,14.826,219.81,1.17397e-06,287.17,291.962,0.14292,-1.14468e-06,0.425115
0.0289397,0.00417407,14.8137,219.446,1.17106e-06,287.162,291.942,0.142915,-1.1407e-06,0.423624
0.0290324,0.00418733,14.8015,219.084,1.16816e-06,287.154,291.921,0.142909,-1.13674e-06,0.422135
0.0291252,0.00420058,14.7893,218.723,1.16527e-06,287.146,291.901,0.142903,-1.13277e-06,0.420649
0.0292179,0.00421384,14.7771,218.362,1.16239e-06,287.138,291.882,0.142898,-1.1289e-06,0.419166
0.0293107,0.0042271,14.7649,218.003,1.15952e-06,287.131,291.867,0.142894,-1.12528e-06,0.417792
0.0294034,0.00424036,14.7528,217.644,1.15666e-06,287.123,291.852,0.14289,-1.12172e-06,0.416733
0.0294962,0.00425361,14.7406,217.286,1.1538e-06,287.116,291.836,0.142886,-1.1182e-06,0.415652
0.0295889,0.00426687,14.7285,216.929,1.15096e-06,287.109,291.821,0.142882,-1.11474e-06,0.414552
0.0296817,0.00428012,14.7164,216.573,1.14813e-06,287.102,291.805,0.142878,-1.11131e-06,0.413436
0.0297745,0.00429338,14.7043,216.218,1.1453e-06,287.095,291.79,0.142874,-1.10791e-06,0.412306
0.0298672,0.00430663,14.6923,215.863,1.14248e-06,287.089,291.775,0.14287,-1.10454e-06,0.411166
0.02996,0.00431989,14.6802,215.51,1.13967e-06,287.082,291.759,0.142867,-1.1012e-06,0.410017
0.0300527,0.00433314,14.6682,215.157,1.13687e-06,287.076,291.744,0.142863,-1.09788e-06,0.40886
0.0301455,0.00434639,14.6562,214.804,1.13408e-06,287.07,291.728,0.142859,-1.09458e-06,0.407697
0.0302382,0.00435965,14.6442,214.453,1.1313e-06,287.064,291.713,0.142855,-1.0913e-06,0.40653
0.030331,0.0043729,14.6322,214.102,1.12852e-06,287.058,291.698,0.142851,-1.08803e-06,0.405358
0.0304237,0.00438615,14.6203,213.752,1.12576e-06,287.052,291.682,0.142847,-1.08478e-06,0.404184
0.0305165,0.0043994,14.6083,213.403,1.123e-06,287.046,291.667,0.142843,-1.08154e-06,0.403007
0.0306093,0.00441265,14.5964,213.055,1.12025e-06,287.04,291.651,0.142839,-1.07832e-06,0.401829
0.030702,0.00442591,14.5845,212.707,1.11751e-06,287.034,291.636,0.142836,-1.0751e-06,0.40065
0.0307948,0.00443916,14.5726,212.36,1.11477e-06,287.028,291.621,0.142832,-1.0719e-06,0.39947
0.0308875,0.00445241,14.5607,212.014,1.11205e-06,287.022,291.605,0.142828,-1.0687e-06,0.39829
0.0309803,0.00446566,14.5488,211.669,1.10933e-06,287.016,291.59,0.142824,-1.06551e-06,0.39711
0.031073,0.00447891,14.537,211.324,1.10662e-06,287.01,291.574,0.14282,-1.06233e-06,0.39593
0.0311658,0.00449215,14.5252,210.98,1.10392e-06,287.004,291.559,0.142816,-1.05916e-06,0.394752
0.0312585,0.0045054,14.5133,210.637,1.10122e-06,286.998,291.544,0.142812,-1.056e-06,0.393574
0.0313513,0.00451865,14.5015,210.295,1.09854e-06,286.992,291.528,0.142808,-1.05284e-06,0.392397
0.0314441,0.0045319,14.4898,209.953,1.09586e-06,286.987,291.513,0.142804,-1.04969e-06,0.391221
0.0315368,0.00454515,14.478,209.612,1.09319e-06,286.981,291.497,0.142801,-1.04654e-06,0.390046
0.0316296,0.00455839,14.4662,209.272,1.09053e-06,286.975,291.482,0.142797,-1.0434e-06,0.388873
0.0317223,0.00457164,14.4545,208.933,1.08788e-06,286.969,291.467,0.142793,-1.04027e-06,0.387701
0.0318151,0.00458489,14.4428,208.594,1.08523e-06,286.963,291.451,0.142789,-1.03715e-06,0.386531
0.0319078,0.00459813,14.4311,208.256,1.08259e-06,286.958,291.436,0.142785,-1.03403e-06,0.385363
0.0320006,0.00461138,14.4194,207.919,1.07997e-06,286.952,291.42,0.142781,-1.03091e-06,0.384196
0.0320933,0.00462463,14.4077,207.583,1.07734e-06,286.946,291.405,0.142777,-1.0278e-06,0.383031
0.0321861,0.00463787,14.3961,207.247,1.07473e-06,286.94,291.39,0.142773,-1.0247e-06,0.381867
0.0322789,0.00465112,14.3845,206.913,1.07212e-06,286.934,291.374,0.14277,-1.0216e-06,0.380706
0.0323716,0.00466436,14.3729,206.58,1.06953e-06,286.929,291.359,0.142766,-1.01851e-06,0.379547
0.0324644,0.0046776,14.3613,206.248,1.06694e-06,286.923,291.343,0.142762,-1.01543e-06,0.37839
0.0325571,0.00469085,14.3498,205.916,1.06435e-06,286.917,291.328,0.142758,-1.01235e-06,0.377235
0.0326499,0.00470409,14.3383,205.585,1.06178e-06,286.911,291.313,0.142754,-1.00928e-06,0.376082
0.0327426,0.00471733,14.3267,205.255,1.05921e-06,286.905,291.297,0.14275,-1.00621e-06,0.374931
0.0328354,0.00473058,14.3152,204.926,1.05666e-06,286.9,291.282,0.142746,-1.00315e-06,0.373782
0.0329281,0.00474382,14.3038,204.598,1.0541e-06,286.894,291.267,0.142742,-1.00009e-06,0.372634
0.0330209,0.00475706,14.2923,204.27,1.05156e-06,286.888,291.251,0.142739,-9.97038e-07,0.371489
0.0331136,0.0047703,14.2809,203.943,1.04903e-06,286.882,291.236,0.142735,-9.93991e-07,0.370345
0.0332064,0.00478354,14.2694,203.617,1.0465e-06,286.877,291.22,0.142731,-9.90949e-07,0.369203
0.0332992,0.00479679,14.258,203.291,1.04398e-06,286.871,291.205,0.142727,-9.87913e-07,0.368064
0.0333919,0.00481003,14.2466,202.966,1.04147e-06,286.865,291.19,0.142723,-9.84881e-07,0.366926
0.0334847,0.00482327,14.2352,202.642,1.03896e-06,286.859,291.174,0.142719,-9.81855e-07,0.36579
0.0335774,0.00483651,14.2239,202.319,1.03646e-06,286.853,291.159,0.142715,-9.78834e-07,0.364656
0.0336702,0.00484974,14.2125,201.996,1.03398e-06,286.848,291.143,0.142711,-9.75818e-07,0.363524
0.0337629,0.00486298,14.2012,201.675,1.03149e-06,286.842,291.128,0.142708,-9.72807e-07,0.362393
0.0338557,0.00487622,14.1899,201.353,1.02902e-06,286.836,291.113,0.142704,-9.69801e-07,0.361265
0.0339484,0.00488946,14.1786,201.033,1.02655e-06,286.83,291.097,0.1427,-9.668e-07,0.360139
0.0340412,0.0049027,14.1673,200.713,1.0241e-06,286.825,291.082,0.142696,-9.63804e-07,0.359014
0.034134,0.00491594,14.1561,200.394,1.02164e-06,286.819,291.066,0.142692,-9.60814e-07,0.357892
0.0342267,0.00492917,14.1448,200.076,1.0192e-06,286.813,291.051,0.142688,-9.57828e-07,0.356771
0.0343195,0.00494241,14.1336,199.759,1.01677e-06,286.807,291.036,0.142684,-9.54848e-07,0.355652
0.0344122,0.00495565,14.1224,199.442,1.01434e-06,286.801,291.02,0.14268,-9.51872e-07,0.354535
0.034505,0.00496888,14.1112,199.126,1.01192e-06,286.796,291.005,0.142677,-9.48902e-07,0.35342
0.0345977,0.00498212,14.1,198.811,1.0095e-06,286.79,290.99,0.142673,-9.45936e-07,0.352307
0.0346905,0.00499535,14.0889,198.496,1.0071e-06,286.784,290.974,0.142669,-9.42976e-07,0.351196
0.0347832,0.00500859,14.0777,198.183,1.0047e-06,286.778,290.959,0.142665,-9.4002e-07,0.350087
0.034876,0.00502182,14.0666,197.869,1.00231e-06,286.773,290.943,0.142661,-9.3707e-07,0.348979
0.0349688,0.00503506,14.0555,197.557,9.99928e-07,286.767,290.928,0.142657,-9.34125e-07,0.347874
0.0350615,0.00504829,14.0444,197.246,9.97552e-07,286.761,290.913,0.142653,-9.31184e-07,0.34677
0.0351543,0.00506153,14.0333,196.935,9.95184e-07,286.755,290.897,0.142649,-9.28249e-07,0.345668
0.035247,0.00507476,14.0223,196.625,9.92824e-07,286.75,290.882,0.142646,-9.25318e-07,0.344568
0.0353398,0.00508799,14.0113,196.315,9.90471e-07,286.744,290.867,0.142642,-9.22393e-07,0.34347
0.0354325,0.00510122,14.0002,196.007,9.88125e-07,286.738,290.851,0.142638,-9.19472e-07,0.342374
0.0355253,0.00511446,13.9892,195.699,9.85787e-07,286.732,290.836,0.142634,-9.16557e-07,0.34128
0.035618,0.00512769,13.9783,195.391,9.83457e-07,286.726,290.82,0.14263,-9.13646e-07,0.340188
0.0357108,0.00514092,13.9673,195.085,9.81133e-07,286.721,290.805,0.142626,-9.10741e-07,0.339097
0.0358036,0.00515415,13.9563,194.779,9.78817e-07,286.715,290.79,0.142622,-9.0784e-07,0.338009
0.0358963,0.00516738,13.9454,194.474,9.76509e-07,286.709,290.774,0.142618,-9.04944e-07,0.336922
0.0359891,0.00518061,13.9345,194.17,9.74208e-07,286.703,290.759,0.142615,-9.02054e-07,0.335837
0.0360818,0.00519384,13.9236,193.867,9.71914e-07,286.698,290.744,0.142611,-8.99168e-07,0.334754
0.0361746,0.00520707,13.9127,193.564,9.69627e-07,286.692,290.728,0.142607,-8.96287e-07,0.333673
0.0362673,0.0052203,13.9019,193.262,9.67348e-07,286.686,290.713,0.142603,-8.93411e-07,0.332593
0.0363601,0.00523353,13.891,192.96,9.65076e-07,286.68,290.697,0.142599,-8.90539e-07,0.331516
0.0364528,0.00524676,13.8802,192.66,9.62812e-07,286.675,290.682,0.142595,-8.87673e-07,0.33044
0.0365456,0.00525999,13.8694,192.36,9.60554e-07,286.669,290.667,0.142591,-8.84812e-07,0.329366
0.0366384,0.00527321,13.8586,192.061,9.58304e-07,286.663,290.661,0.142592,-8.82236e-07,0.328294
0.0367311,0.00528644,13.8478,191.762,9.56061e-07,286.658,290.659,0.142595,-8.79895e-07,0.328053
0.0368239,0.00529967,13.8371,191.464,9.53823e-07,286.654,290.656,0.142597,-8.77718e-07,0.328003
0.0369166,0.00531289,13.8263,191.167,9.51591e-07,286.651,290.654,0.142599,-8.75679e-07,0.32787
0.0370094,0.00532612,13.8156,190.87,9.49365e-07,286.649,290.651,0.142602,-8.73751e-07,0.327661
0.0371021,0.00533935,13.8048,190.573,9.47143e-07,286.647,290.649,0.142604,-8.71926e-07,0.327449
0.0371949,0.00535258,13.7941,190.277,9.44926e-07,286.645,290.646,0.142607,-8.70188e-07,0.327186
0.0372876,0.0053658,13.7834,189.981,9.42713e-07,286.645,290.644,0.142609,-8.68519e-07,0.326875
0.0373804,0.00537903,13.7727,189.686,9.40504e-07,286.644,290.642,0.142611,-8.66907e-07,0.326526
0.0374731,0.00539226,13.7619,189.391,9.383e-07,286.644,290.639,0.142614,-8.65343e-07,0.326148
0.0375659,0.00540548,13.7512,189.096,9.36099e-07,286.644,290.637,0.142616,-8.63818e-07,0.325745
0.0376587,0.00541871,13.7405,188.801,9.33903e-07,286.644,290.634,0.142619,-8.62325e-07,0.325323
0.0377514,0.00543194,13.7298,188.507,9.3171e-07,286.644,290.632,0.142621,-8.60859e-07,0.324885
0.0378442,0.00544517,13.7191,188.213,9.29521e-07,286.645,290.629,0.142623,-8.59416e-07,0.324434
0.0379369,0.0054584,13.7084,187.919,9.27335e-07,286.645,290.627,0.142626,-8.57991e-07,0.323973
0.0380297,0.00547162,13.6977,187.626,9.25153e-07,286.646,290.625,0.142628,-8.56581e-07,0.323503
0.0381224,0.00548485,13.6869,187.332,9.22975e-07,286.647,290.622,0.142631,-8.55184e-07,0.323025
0.0382152,0.00549808,13.6762,187.039,9.20801e-07,286.647,290.62,0.142633,-8.53798e-07,0.322542
0.0383079,0.00551131,13.6655,186.747,9.18629e-07,286.648,290.617,0.142635,-8.52421e-07,0.322055
0.0384007,0.00552454,13.6548,186.454,9.16462e-07,286.649,290.615,0.142638,-8.51051e-07,0.321564
0.0384935,0.00553777,13.6441,186.162,9.14298e-07,286.65,290.612,0.14264,-8.49688e-07,0.321069
0.0385862,0.005551,13.6336,185.875,9.12137e-07,286.651,290.61,0.142643,-8.48343e-07,0.320573
0.038679,0.00556423,13.6234,185.597,9.0998e-07,286.652,290.607,0.142645,-8.47021e-07,0.320079
0.0387717,0.00557746,13.6129,185.31,9.07826e-07,286.653,290.605,0.142648,-8.45683e-07,0.31959
0.0388645,0.00559069,13.6027,185.034,9.05675e-07,286.654,290.603,0.14265,-8.44372e-07,0.319093
0.0389572,0.00560392,13.5921,184.745,9.03528e-07,286.655,290.6,0.142652,-8.43034e-07,0.318604
0.03905,0.00561715,13.5821,184.474,9.01384e-07,286.656,290.598,0.142655,-8.4174e-07,0.318103
0.0391427,0.00563038,13.5711,184.176,8.99244e-07,286.657,290.595,0.142657,-8.40385e-07,0.317617
0.0392355,0.00564361,13.5619,183.925,8.97107e-07,286.658,290.593,0.14266,-8.39141e-07,0.317106
0.0393283,0.00565684,13.5494,183.585,8.94973e-07,286.659,290.59,0.142662,-8.37694e-07,0.316637
0.039421,0.00567008,13.5438,183.434,8.92843e-07,286.66,290.588,0.142664,-8.36677e-07,0.31609
0.0395138,0.00568331,13.522,182.844,8.90715e-07,286.661,290.585,0.142667,-8.34664e-07,0.315705
0.0396065,0.00569654,13.5431,183.415,8.88593e-07,286.662,290.583,0.142669,-8.35295e-07,0.314944
0.0396993,0.00570977,13.4349,180.496,8.86469e-07,286.663,290.581,0.142672,-8.27959e-07,0.31518
0.039792,0.005723,13.5444,183.452,8.84363e-07,286.664,290.578,0.142674,-8.34041e-07,0.312408
0.0398848,0.00573624,13.5274,182.99,8.82242e-07,286.665,290.576,0.142676,-8.32324e-07,0.314701
0.0399775,0.00574947,13.5111,182.549,8.80126e-07,286.666,290.573,0.142679,-8.30656e-07,0.314049
0.0400703,0.0057627,13.4955,182.127,8.78014e-07,286.667,290.571,0.142681,-8.29029e-07,0.313416
0.0401631,0.00577594,13.4804,181.721,8.75905e-07,286.668,290.568,0.142684,-8.2744e-07,0.312798
0.0402558,0.00578917,13.4658,181.329,8.73801e-07,286.669,290.566,0.142686,-8.25882e-07,0.312194
0.0403486,0.0058024,13.4517,180.949,8.71701e-07,286.67,290.563,0.142688,-8.24353e-07,0.311602
0.0404413,0.00581564,13.438,180.58,8.69605e-07,286.671,290.561,0.142691,-8.22848e-07,0.311021
0.0405341,0.00582887,13.4246,180.22,8.67512e-07,286.672,290.559,0.142693,-8.21366e-07,0.31045
0.0406268,0.00584211,13.4115,179.868,8.65424e-07,286.673,290.556,0.142696,-8.19903e-07,0.309886
0.0407196,0.00585534,13.3987,179.524,8.63339e-07,286.675,290.554,0.142698,-8.18457e-07,0.30933
0.0408123,0.00586858,13.3861,179.187,8.61258e-07,286.676,290.551,0.1427,-8.17027e-07,0.308781
0.0409051,0.00588181,13.3737,178.855,8.5918e-07,286.677,290.549,0.142703,-8.15611e-07,0.308237
0.0409979,0.00589505,13.3615,178.528,8.57106e-07,286.678,290.546,0.142705,-8.14206e-07,0.307698
0.0410906,0.00590828,13.3494,178.207,8.55035e-07,286.679,290.544,0.142708,-8.12813e-07,0.307164
0.0411834,0.00592152,13.3375,177.889,8.52969e-07,286.68,290.541,0.14271,-8.1143e-07,0.306635
0.0412761,0.00593476,13.3257,177.575,8.50905e-07,286.681,290.539,0.142712,-8.10055e-07,0.306109
0.0413689,0.00594799,13.3141,177.264,8.48845e-07,286.682,290.537,0.142715,-8.08689e-07,0.305586
0.0414616,0.00596123,13.3025,176.956,8.46789e-07,286.683,290.534,0.142717,-8.0733e-07,0.305066
0.0415544,0.00597447,13.291,176.651,8.44736e-07,286.684,290.532,0.14272,-8.05977e-07,0.304549
0.0416471,0.0059877,13.2796,176.348,8.42686e-07,286.685,290.529,0.142722,-8.0463e-07,0.304035
0.0417399,0.00600094,13.2683,176.048,8.4064e-07,286.686,290.527,0.142725,-8.03289e-07,0.303523
0.0418326,0.00601418,13.257,175.749,8.38598e-07,286.687,290.524,0.142727,-8.01952e-07,0.303012
0.0419254,0.00602742,13.2458,175.452,8.36558e-07,286.688,290.522,0.142729,-8.0062e-07,0.302504
0.0420182,0.00604065,13.2347,175.157,8.34522e-07,286.689,290.519,0.142732,-7.99292e-07,0.301997
0.0421109,0.00605389,13.2236,174.863,8.3249e-07,286.69,290.517,0.142734,-7.97968e-07,0.301492
0.0422037,0.00606713,13.2125,174.57,8.30461e-07,286.691,290.515,0.142737,-7.96647e-07,0.300988
0.0422964,0.00608037,13.2015,174.279,8.28435e-07,286.692,290.512,0.142739,-7.95329e-07,0.300486
0.0423892,0.00609361,13.1905,173.988,8.26412e-07,286.693,290.51,0.142741,-7.94014e-07,0.299985
0.0424819,0.00610685,13.1795,173.699,8.24393e-07,286.694,290.507,0.142744,-7.92702e-07,0.299484
0.0425747,0.00612009,13.1685,173.411,8.22378e-07,286.695,290.505,0.142746,-7.91393e-07,0.298985
0.0426674,0.00613333,13.1576,173.123,8.20365e-07,286.696,290.502,0.142749,-7.90085e-07,0.298487
0.0427602,0.00614657,13.1467,172.836,8.18356e-07,286.698,290.5,0.142751,-7.8878e-07,0.29799
0.042853,0.00615981,13.1358,172.55,8.1635e-07,286.699,290.497,0.142753,-7.87477e-07,0.297494
0.0429457,0.00617305,13.1249,172.264,8.14348e-07,286.7,290.495,0.142756,-7.86176e-07,0.296998
0.0430385,0.00618629,13.1141,171.979,8.12348e-07,286.701,290.493,0.142758,-7.84877e-07,0.296503
0.0431312,0.00619953,13.1032,171.695,8.10353e-07,286.702,290.49,0.142761,-7.83579e-07,0.296009
0.043224,0.00621277,13.0924,171.411,8.0836e-07,286.703,290.488,0.142763,-7.82283e-07,0.295515
0.0433167,0.00622601,13.0816,171.128,8.06371e-07,286.704,290.485,0.142765,-7.80989e-07,0.295022
0.0434095,0.00623925,13.0708,170.845,8.04385e-07,286.705,290.483,0.142768,-7.79696e-07,0.29453
0.0435022,0.00625249,13.06,170.563,8.02402e-07,286.706,290.48,0.14277,-7.78405e-07,0.294038
0.043595,0.00626573,13.0492,170.28,8.00423e-07,286.707,290.478,0.142773,-7.77115e-07,0.293547
0.0436878,0.00627898,13.0384,169.999,7.98447e-07,286.708,290.475,0.142775,-7.75826e-07,0.293057
0.0437805,0.00629222,13.0276,169.718,7.96474e-07,286.709,290.473,0.142777,-7.74539e-07,0.292567
0.0438733,0.00630546,13.0168,169.437,7.94504e-07,286.71,290.471,0.14278,-7.73253e-07,0.292077
0.043966,0.0063187,13.006,169.156,7.92538e-07,286.711,290.486,0.142791,-7.72101e-07,0.291588
0.0440588,0.00633195,12.9952,168.876,7.90574e-07,286.714,290.565,0.142835,-7.71738e-07,0.292588
0.0441515,0.00634519,12.9844,168.596,7.88612e-07,286.726,290.643,0.142878,-7.72756e-07,0.298652
0.0442443,0.00635843,12.9736,168.315,7.86647e-07,286.746,290.722,0.142922,-7.74882e-07,0.303986
0.044337,0.00637168,12.9628,168.033,7.84676e-07,286.771,290.801,0.142965,-7.77898e-07,0.308748
0.0444298,0.00638493,12.9518,167.75,7.82698e-07,286.8,290.88,0.143009,-7.81631e-07,0.313053
0.0445226,0.00639818,12.9408,167.466,7.80711e-07,286.834,290.958,0.143053,-7.85942e-07,0.316991
0.0446153,0.00641144,12.9298,167.179,7.78712e-07,286.871,291.037,0.143096,-7.90718e-07,0.320633
0.0447081,0.0064247,12.9186,166.891,7.76701e-07,286.91,291.116,0.14314,-7.95868e-07,0.324038
0.0448008,0.00643796,12.9074,166.601,7.74678e-07,286.951,291.195,0.143183,-8.0132e-07,0.327252
0.0448936,0.00645122,12.896,166.308,7.7264e-07,286.993,291.274,0.143227,-8.07015e-07,0.330312
0.0449863,0.00646449,12.8846,166.013,7.70588e-07,287.037,291.353,0.14327,-8.12905e-07,0.333248
0.0450791,0.00647777,12.8731,165.716,7.68521e-07,287.082,291.432,0.143314,-8.18951e-07,0.336085
0.0451718,0.00649104,12.8614,165.416,7.66438e-07,287.128,291.51,0.143358,-8.25123e-07,0.338841
0.0452646,0.00650433,12.8497,165.114,7.6434e-07,287.174,291.589,0.143401,-8.31395e-07,0.341533
0.0453574,0.00651761,12.8378,164.809,7.62226e-07,287.221,291.668,0.143445,-8.37748e-07,0.344173
0.0454501,0.0065309,12.8258,164.502,7.60095e-07,287.269,291.747,0.143489,-8.44165e-07,0.346771
0.0455429,0.0065442,12.8137,164.192,7.57949e-07,287.316,291.826,0.143532,-8.50632e-07,0.349335
0.0456356,0.00655749,12.8015,163.879,7.55786e-07,287.364,291.905,0.143576,-8.5714e-07,0.351872
0.0457284,0.00657079,12.7892,163.564,7.53606e-07,287.413,291.984,0.14362,-8.63679e-07,0.354387
0.0458211,0.0065841,12.7768,163.246,7.5141e-07,287.461,292.064,0.143664,-8.70243e-07,0.356883
0.0459139,0.00659741,12.7642,162.925,7.49197e-07,287.51,292.143,0.143707,-8.76827e-07,0.359365
0.0460066,0.00661072,12.7515,162.602,7.46967e-07,287.558,292.222,0.143751,-8.83424e-07,0.361834
0.0460994,0.00662404,12.7387,162.275,7.44721e-07,287.607,292.301,0.143795,-8.90032e-07,0.364294
0.0461921,0.00663736,12.7258,161.946,7.42457e-07,287.656,292.38,0.143839,-8.96648e-07,0.366745
0.0462849,0.00665069,12.7128,161.615,7.40177e-07,287.705,292.459,0.143882,-9.03269e-07,0.369188
0.0463777,0.00666402,12.6996,161.28,7.3788e-07,287.754,292.539,0.143926,-9.09894e-07,0.371626
0.0464704,0.00667736,12.6863,160.943,7.35566e-07,287.803,292.618,0.14397,-9.16519e-07,0.374057
0.0465632,0.00669069,12.6729,160.602,7.33236e-07,287.852,292.697,0.144014,-9.23145e-07,0.376485
0.0466559,0.00670404,12.6594,160.259,7.30888e-07,287.901,292.777,0.144058,-9.2977e-07,0.378907
0.0467487,0.00671738,12.6457,159.914,7.28524e-07,287.95,292.856,0.144102,-9.36392e-07,0.381326
0.0468414,0.00673074,12.6319,159.565,7.26143e-07,287.999,292.935,0.144145,-9.43011e-07,0.38374
0.0469342,0.00674409,12.618,159.213,7.23745e-07,288.048,293.015,0.144189,-9.49627e-07,0.386151
0.0470269,0.00675745,12.6039,158.859,7.2133e-07,288.097,293.094,0.144233,-9.56238e-07,0.388558
0.0471197,0.00677081,12.5897,158.502,7.18898e-07,288.146,293.173,0.144277,-9.62844e-07,0.390962
0.0472125,0.00678418,12.5754,158.142,7.1645e-07,288.195,293.253,0.144321,-9.69444e-07,0.393362
0.0473052,0.00679755,12.561,157.779,7.13985e-07,288.245,293.332,0.144365,-9.76038e-07,0.395759
0.047398,0.00681093,12.5464,157.413,7.11503e-07,288.294,293.412,0.144409,-9.82626e-07,0.398152
0.0474907,0.00682431,12.5317,157.044,7.09004e-07,288.343,293.491,0.144453,-9.89206e-07,0.400542
0.0475835,0.00683769,12.5169,156.672,7.06489e-07,288.392,293.571,0.144497,-9.95779e-07,0.402928
0.0476762,0.00685108,12.5019,156.298,7.03956e-07,288.441,293.651,0.144541,-1.00234e-06,0.40531
0.047769,0.00686447,12.4868,155.92,7.01408e-07,288.49,293.73,0.144585,-1.0089e-06,0.407688
0.0478617,0.00687787,12.4715,155.539,6.98842e-07,288.54,293.81,0.144629,-1.01545e-06,0.410062
0.0479545,0.00689127,12.4562,155.156,6.9626e-07,288.589,293.889,0.144673,-1.02199e-06,0.412432
0.0480473,0.00690467,12.4406,154.77,6.93661e-07,288.638,293.969,0.144717,-1.02852e-06,0.414798
0.04814,0.00691808,12.425,154.38,6.91046e-07,288.687,294.049,0.144761,-1.03504e-06,0.417159
0.0482328,0.00693149,12.4092,153.988,6.88414e-07,288.737,294.129,0.144805,-1.04155e-06,0.419516
0.0483255,0.00694491,12.3933,153.593,6.85765e-07,288.786,294.208,0.144849,-1.04805e-06,0.421869
0.0484183,0.00695833,12.3772,153.195,6.831e-07,288.835,294.288,0.144893,-1.05453e-06,0.424217
0.048511,0.00697176,12.361,152.793,6.80418e-07,288.884,294.368,0.144938,-1.06101e-06,0.426559
0.0486038,0.00698519,12.3446,152.389,6.7772e-07,288.934,294.448,0.144982,-1.06747e-06,0.428897
0.0486965,0.00699862,12.3281,151.982,6.75006e-07,288.983,294.528,0.145026,-1.07393e-06,0.43123
0.0487893,0.00701206,12.3115,151.572,6.72275e-07,289.032,294.607,0.14507,-1.08036e-06,0.433557
0.0488821,0.0070255,12.2947,151.159,6.69528e-07,289.081,294.687,0.145114,-1.08679e-06,0.43588
0.0489748,0.00703894,12.2777,150.742,6.66764e-07,289.131,294.767,0.145158,-1.0932e-06,0.438196
0.0490676,0.00705239,12.2606,150.323,6.63984e-07,289.18,294.847,0.145203,-1.0996e-06,0.440507
0.0491603,0.00706585,12.2434,149.901,6.61188e-07,289.229,294.927,0.145247,-1.10599e-06,0.442811
0.0492531,0.00707931,12.226,149.475,6.58375e-07,289.279,295.007,0.145291,-1.11236e-06,0.44511
0.0493458,0.00709277,12.2085,149.047,6.55547e-07,289.328,295.087,0.145335,-1.11871e-06,0.447403
0.0494386,0.00710624,12.1908,148.615,6.52702e-07,289.377,295.167,0.14538,-1.12505e-06,0.449689
0.0495313,0.00711971,12.1729,148.181,6.49841e-07,289.427,295.247,0.145424,-1.13138e-06,0.451969
0.0496241,0.00713318,12.155,147.743,6.46964e-07,289.476,295.327,0.145468,-1.13768e-06,0.454242
0.0497169,0.00714666,12.1368,147.302,6.44071e-07,289.525,295.408,0.145512,-1.14397e-06,0.456508
0.0498096,0.00716014,12.1185,146.858,6.41162e-07,289.575,295.488,0.145557,-1.15025e-06,0.458767
0.0499024,0.00717363,12.1001,146.411,6.38237e-07,289.624,295.568,0.145601,-1.1565e-06,0.461019
0.0499951,0.00718712,12.0814,145.961,6.35296e-07,289.673,295.648,0.145645,-1.16274e-06,0.463263
0.0500879,0.00720062,12.0627,145.508,6.32339e-07,289.723,295.728,0.14569,-1.16896e-06,0.465501
0.0501806,0.00721412,12.0437,145.051,6.29367e-07,289.772,295.809,0.145734,-1.17516e-06,0.46773
0.0502734,0.00722762,12.0246,144.592,6.26379e-07,289.821,295.889,0.145778,-1.18133e-06,0.469951
0.0503661,0.00724113,12.0054,144.129,6.23374e-07,289.871,295.969,0.145823,-1.18749e-06,0.472165
0.0504589,0.00725464,11.986,143.663,6.20355e-07,289.92,296.049,0.145867,-1.19363e-06,0.47437
0.0505517,0.00726816,11.9664,143.194,6.17319e-07,289.97,296.13,0.145912,-1.19975e-06,0.476566
0.0506444,0.00728168,11.9466,142.722,6.14269e-07,290.019,296.21,0.145956,-1.20584e-06,0.478754
0.0507372,0.00729521,11.9267,142.247,6.11202e-07,290.068,296.291,0.146001,-1.21191e-06,0.480934
0.0508299,0.00730874,11.9066,141.768,6.0812e-07,290.118,296.371,0.146045,-1.21796e-06,0.483104
0.0509227,0.00732227,11.8864,141.286,6.05023e-07,290.167,296.451,0.14609,-1.22399e-06,0.485265
0.0510154,0.00733581,11.866,140.801,6.01911e-07,290.217,296.532,0.146134,-1.22999e-06,0.487416
0.0511082,0.00734935,11.8454,140.313,5.98783e-07,290.266,296.612,0.146179,-1.23597e-06,0.489558
0.0512009,0.00736289,11.8246,139.822,5.9564e-07,290.315,296.693,0.146223,-1.24193e-06,0.491691
0.0512937,0.00737644,11.8037,139.327,5.92482e-07,290.365,297.16,0.146468,-1.2495e-06,0.493813
0.0513864,0.00739,11.7825,138.828,5.89305e-07,290.475,297.895,0.146852,-1.26837e-06,0.528256
0.0514792,0.00740356,11.761,138.321,5.86079e-07,290.672,298.629,0.147235,-1.30204e-06,0.580614
0.051572,0.00741715,11.7388,137.8,5.82768e-07,290.934,299.365,0.14762,-1.34701e-06,0.626623
0.0516647,0.00743075,11.7158,137.259,5.79343e-07,291.245,300.102,0.148005,-1.40074e-06,0.667986
0.0517575,0.00744439,11.6917,136.696,5.75781e-07,291.591,300.841,0.14839,-1.46131e-06,0.705971
0.0518502,0.00745806,11.6665,136.107,5.72065e-07,291.964,301.581,0.148777,-1.52727e-06,0.741534
0.051943,0.00747176,11.64,135.491,5.68181e-07,292.356,302.323,0.149165,-1.59754e-06,0.775391
0.0520357,0.00748549,11.6122,134.844,5.64119e-07,292.762,303.067,0.149553,-1.67128e-06,0.808079
0.0521285,0.00749926,11.583,134.166,5.59869e-07,293.178,303.813,0.149943,-1.74787e-06,0.84
0.0522212,0.00751307,11.5523,133.455,5.55424e-07,293.601,304.561,0.150333,-1.82682e-06,0.871449
0.052314,0.00752691,11.52,132.71,5.50779e-07,294.03,305.311,0.150725,-1.90774e-06,0.902643
0.0524068,0.00754079,11.486,131.929,5.45928e-07,294.461,306.063,0.151117,-1.99035e-06,0.933737
0.0524995,0.0075547,11.4504,131.113,5.40866e-07,294.895,306.816,0.151511,-2.07443e-06,0.964842
0.0525923,0.00756865,11.4131,130.259,5.35591e-07,295.331,307.572,0.151906,-2.15979e-06,0.996034
0.052685,0.00758264,11.3739,129.367,5.30099e-07,295.767,308.33,0.152301,-2.24627e-06,1.02736
0.0527778,0.00759667,11.3329,128.436,5.24387e-07,296.205,309.09,0.152698,-2.33377e-06,1.05886
0.0528705,0.00761074,11.29,127.465,5.18452e-07,296.642,309.852,0.153096,-2.42216e-06,1.09054
0.0529633,0.00762484,11.2451,126.453,5.12293e-07,297.079,310.616,0.153495,-2.51136e-06,1.12241
0.053056,0.00763898,11.1982,125.4,5.05907e-07,297.516,311.382,0.153895,-2.60126e-06,1.15446
0.0531488,0.00765316,11.1492,124.305,4.99292e-07,297.953,312.15,0.154296,-2.6918e-06,1.18669
0.0532416,0.00766737,11.098,123.166,4.92447e-07,298.39,312.92,0.154699,-2.78287e-06,1.21906
0.0533343,0.00768163,11.0446,121.983,4.85371e-07,298.826,313.692,0.155102,-2.87439e-06,1.25158
0.0534271,0.00769592,10.9889,120.755,4.78061e-07,299.262,314.466,0.155506,-2.96628e-06,1.2842
0.0535198,0.00771026,10.9308,119.482,4.70518e-07,299.697,315.243,0.155912,-3.05842e-06,1.3169
0.0536126,0.00772463,10.8702,118.161,4.62741e-07,300.132,316.021,0.156318,-3.15073e-06,1.34965
0.0537053,0.00773904,10.8071,116.794,4.54729e-07,300.566,316.802,0.156726,-3.24309e-06,1.38241
0.0537981,0.00775348,10.7414,115.377,4.46482e-07,301.001,317.584,0.157135,-3.33539e-06,1.41515
0.0538908,0.00776797,10.6729,113.911,4.38e-07,301.434,318.369,0.157544,-3.42751e-06,1.44782
0.0539836,0.0077825,10.6017,112.395,4.29285e-07,301.867,319.156,0.157955,-3.51931e-06,1.48037
0.0540764,0.00779707,10.5275,110.828,4.20335e-07,302.3,319.945,0.158367,-3.61065e-06,1.51277
0.0541691,0.00781167,10.4502,109.208,4.11154e-07,302.732,320.736,0.158781,-3.70138e-06,1.54495
0.0542619,0.00782632,10.3699,107.535,4.01741e-07,303.164,321.53,0.159195,-3.79134e-06,1.57687
0.0543546,0.007841,10.2863,105.807,3.921e-07,303.595,322.325,0.15961,-3.88035e-06,1.60845
0.0544474,0.00785573,10.1992,104.025,3.82233e-07,304.026,323.123,0.160027,-3.96822e-06,1.63963
0.0545401,0.00787049,10.1087,102.186,3.72142e-07,304.457,323.923,0.160445,-4.05475e-06,1.67035
0.0546329,0.0078853,10.0145,100.289,3.61831e-07,304.887,324.725,0.160864,-4.13972e-06,1.70053
0.0547256,0.00790015,9.91638,98.3346,3.51304e-07,305.316,325.529,0.161284,-4.22289e-06,1.73008
0.0548184,0.00791503,9.81429,96.3203,3.40566e-07,305.745,326.335,0.161705,-4.30401e-06,1.75892
0.0549112,0.00792996,9.70801,94.2455,3.29621e-07,306.174,327.144,0.162127,-4.38281e-06,1.78695
0.0550039,0.00794493,9.59734,92.1089,3.18476e-07,306.602,327.955,0.16255,-4.45897e-06,1.81406
0.0550967,0.00795994,9.48206,89.9095,3.07137e-07,307.029,328.768,0.162975,-4.53219e-06,1.84014
0.0551894,0.00797499,9.36195,87.646,2.95612e-07,307.457,329.583,0.163401,-4.60211e-06,1.86508
0.0552822,0.00799008,9.23674,85.3173,2.83909e-07,307.883,330.4,0.163828,-4.66834e-06,1.88873
0.0553749,0.00800521,9.10616,82.9222,2.72038e-07,308.31,331.22,0.164256,-4.73048e-06,1.91095
0.0554677,0.00802038,8.96991,80.4594,2.60009e-07,308.736,332.042,0.164685,-4.78806e-06,1.93158
0.0555604,0.0080356,8.82766,77.9275,2.47833e-07,309.161,332.866,0.165116,-4.84059e-06,1.95045
0.0556532,0.00805086,8.67902,75.3254,2.35524e-07,309.586,333.693,0.165547,-4.88752e-06,1.96737
0.0557459,0.00806616,8.52359,72.6516,2.23096e-07,310.011,334.522,0.16598,-4.92824e-06,1.98213
0.0558387,0.0080815,8.36091,69.9048,2.10564e-07,310.435,335.353,0.166414,-4.96208e-06,1.99448
0.0559315,0.00809688,8.19045,67.0834,1.97945e-07,310.859,336.186,0.166849,-4.98829e-06,2.00418
0.0560242,0.00811231,8.01162,64.186,1.85261e-07,311.282,337.022,0.167286,-5.00604e-06,2.01094
0.056117,0.00812778,7.82374,61.211,1.72531e-07,311.705,337.86,0.167723,-5.01438e-06,2.01443
0.0562097,0.00814329,7.62605,58.1566,1.5978e-07,312.127,338.7,0.168162,-5.01225e-06,2.01428
0.0563025,0.00815885,7.41763,55.0212,1.47034e-07,312.549,339.543,0.168602,-4.99841e-06,2.01009
0.0563952,0.00817445,7.19742,51.8028,1.34323e-07,312.971,340.387,0.169043,-4.97146e-06,2.00137
0.056488,0.00819009,6.96414,48.4993,1.21681e-07,313.392,341.235,0.169486,-4.92974e-06,1.98757
0.0565807,0.00820577,6.71627,45.1083,1.09146e-07,313.813,342.084,0.16993,-4.8713e-06,1.96806
0.0566735,0.0082215,6.45192,41.6273,9.67582e-08,314.233,342.936,0.170375,-4.79379e-06,1.94207
0.0567663,0.00823727,6.16872,38.0532,8.4568e-08,314.653,343.791,0.170821,-4.69434e-06,1.90867
0.056859,0.00825309,5.86364,34.3822,7.26307e-08,315.073,344.648,0.171268,-4.56933e-06,1.86676
0.0569518,0.00826895,5.53262,30.6098,6.10113e-08,315.492,345.507,0.171717,-4.4141e-06,1.8149
0.0570445,0.00828486,5.17009,26.7298,4.97866e-08,315.911,346.368,0.172167,-4.22239e-06,1.75128
0.0571373,0.00830081,4.76796,22.7334,3.90495e-08,316.33,347.232,0.172618,-3.98533e-06,1.67343
0.05723,0.0083168,4.31356,18.6068,2.89151e-08,316.748,348.099,0.173071,-3.6895e-06,1.57787
0.0573228,0.00833284,3.78488,14.3253,1.9533e-08,317.166,348.968,0.173524,-3.31216e-06,1.45932
0.0574155,0.00834893,3.13599,9.8344,1.11105e-08,317.584,349.839,0.173979,-2.80735e-06,1.30883
0.0575083,0.00836506,2.22564,4.95348,3.97167e-09,318.003,350.713,0.174436,-2.03793e-06,1.10833
