  Grid,   Temperature,   Uvec,   CO,    CO2
   0.000e+00,   3.200e+02,   5.059e-01,  -6.213e-17,  -2.171e-16
   1.252e-04,   3.200e+02,   5.059e-01,   3.787e-16,   1.343e-16
   2.503e-04,   3.200e+02,   5.059e-01,  -2.610e-17,  -3.577e-17
   3.755e-04,   3.200e+02,   5.059e-01,   3.240e-16,   9.777e-17
   5.006e-04,   3.200e+02,   5.059e-01,   8.364e-16,   3.203e-16
   6.258e-04,   3.200e+02,   5.059e-01,   1.283e-17,  -4.412e-18
   7.509e-04,   3.200e+02,   5.059e-01,  -2.576e-16,  -1.135e-16
   8.761e-04,   3.200e+02,   5.059e-01,  -3.419e-16,  -1.618e-16
   1.001e-03,   3.200e+02,   5.059e-01,   4.754e-16,   1.730e-16
   1.126e-03,   3.200e+02,   5.059e-01,   1.192e-16,   3.545e-17
   1.252e-03,   3.200e+02,   5.059e-01,  -1.704e-16,  -8.649e-17
   1.377e-03,   3.200e+02,   5.059e-01,   1.066e-16,   2.242e-17
   1.502e-03,   3.200e+02,   5.059e-01,   1.610e-16,   3.960e-17
   1.627e-03,   3.200e+02,   5.059e-01,   4.492e-16,   1.596e-16
   1.752e-03,   3.200e+02,   5.059e-01,   2.276e-16,   7.272e-17
   1.877e-03,   3.200e+02,   5.059e-01,   2.245e-16,   7.985e-17
   2.003e-03,   3.200e+02,   5.059e-01,  -2.838e-16,  -1.314e-16
   2.128e-03,   3.200e+02,   5.059e-01,   1.448e-16,   4.159e-17
   2.253e-03,   3.200e+02,   5.059e-01,   3.978e-17,  -3.763e-18
   2.378e-03,   3.200e+02,   5.059e-01,   2.052e-16,   6.257e-17
   2.503e-03,   3.200e+02,   5.059e-01,   1.921e-16,   5.643e-17
   2.628e-03,   3.200e+02,   5.059e-01,   2.792e-16,   9.544e-17
   2.753e-03,   3.200e+02,   5.059e-01,   5.077e-17,   2.554e-18
   2.879e-03,   3.200e+02,   5.059e-01,   2.253e-16,   8.098e-17
   3.004e-03,   3.200e+02,   5.059e-01,  -3.160e-16,  -1.454e-16
   3.129e-03,   3.200e+02,   5.059e-01,   1.575e-16,   4.086e-17
   3.254e-03,   3.200e+02,   5.059e-01,   3.579e-16,   1.235e-16
   3.379e-03,   3.200e+02,   5.059e-01,   3.486e-16,   1.317e-16
   3.504e-03,   3.200e+02,   5.059e-01,  -3.161e-16,  -1.388e-16
   3.630e-03,   3.200e+02,   5.059e-01,  -1.625e-16,  -8.660e-17
   3.755e-03,   3.200e+02,   5.059e-01,   3.469e-16,   1.220e-16
   3.880e-03,   3.200e+02,   5.059e-01,   1.113e-16,   2.629e-17
   4.005e-03,   3.200e+02,   5.059e-01,   1.493e-16,   3.902e-17
   4.130e-03,   3.200e+02,   5.059e-01,   3.282e-16,   1.157e-16
   4.255e-03,   3.200e+02,   5.059e-01,   2.558e-17,  -9.740e-18
   4.380e-03,   3.200e+02,   5.059e-01,   3.550e-16,   1.318e-16
   4.506e-03,   3.200e+02,   5.059e-01,  -2.152e-16,  -1.034e-16
   4.631e-03,   3.200e+02,   5.059e-01,   1.585e-16,   4.691e-17
   4.756e-03,   3.200e+02,   5.059e-01,   1.200e-16,   3.178e-17
   4.881e-03,   3.200e+02,   5.059e-01,   7.251e-17,   9.738e-18
   5.006e-03,   3.200e+02,   5.059e-01,   3.637e-16,   1.381e-16
   5.131e-03,   3.200e+02,   5.059e-01,  -4.094e-16,  -1.877e-16
   5.257e-03,   3.200e+02,   5.059e-01,   5.064e-16,   1.872e-16
   5.382e-03,   3.200e+02,   5.059e-01,   6.213e-17,   6.530e-18
   5.507e-03,   3.200e+02,   5.059e-01,   3.004e-16,   1.121e-16
   5.632e-03,   3.200e+02,   5.059e-01,  -2.746e-16,  -1.252e-16
   5.757e-03,   3.200e+02,   5.059e-01,   2.307e-17,  -1.188e-17
   5.882e-03,   3.200e+02,   5.059e-01,   3.443e-16,   1.171e-16
   6.008e-03,   3.200e+02,   5.059e-01,   3.742e-16,   1.368e-16
   6.133e-03,   3.200e+02,   5.059e-01,   5.686e-17,   1.505e-17
   6.258e-03,   3.200e+02,   5.059e-01,  -2.453e-16,  -1.096e-16
   6.383e-03,   3.200e+02,   5.059e-01,  -2.025e-16,  -1.062e-16
   6.508e-03,   3.200e+02,   5.059e-01,   6.477e-16,   2.482e-16
   6.633e-03,   3.200e+02,   5.059e-01,  -1.685e-16,  -8.781e-17
   6.758e-03,   3.200e+02,   5.059e-01,   3.493e-16,   1.245e-16
   6.884e-03,   3.200e+02,   5.059e-01,   1.483e-16,   4.715e-17
   7.009e-03,   3.200e+02,   5.059e-01,  -6.099e-17,  -4.073e-17
   7.134e-03,   3.200e+02,   5.059e-01,   1.088e-16,   2.358e-17
   7.259e-03,   3.200e+02,   5.059e-01,   3.880e-16,   1.433e-16
   7.384e-03,   3.200e+02,   5.059e-01,  -1.497e-16,  -8.482e-17
   7.509e-03,   3.200e+02,   5.059e-01,   6.227e-16,   2.365e-16
   7.635e-03,   3.200e+02,   5.059e-01,   3.690e-17,   4.417e-18
   7.760e-03,   3.200e+02,   5.059e-01,  -1.472e-16,  -7.434e-17
   7.885e-03,   3.200e+02,   5.059e-01,   5.014e-17,  -3.957e-18
   8.010e-03,   3.200e+02,   5.059e-01,   6.367e-16,   2.453e-16
   8.135e-03,   3.200e+02,   5.059e-01,  -1.466e-16,  -7.116e-17
   8.260e-03,   3.200e+02,   5.059e-01,  -1.020e-17,  -1.808e-17
   8.385e-03,   3.200e+02,   5.059e-01,   2.669e-17,  -7.404e-18
   8.511e-03,   3.200e+02,   5.059e-01,   2.575e-16,   8.518e-17
   8.636e-03,   3.200e+02,   5.059e-01,   3.469e-16,   1.318e-16
   8.761e-03,   3.200e+02,   5.059e-01,  -2.608e-16,  -1.170e-16
   8.886e-03,   3.200e+02,   5.059e-01,   6.639e-17,   1.744e-17
   9.011e-03,   3.200e+02,   5.059e-01,  -2.246e-16,  -1.110e-16
   9.136e-03,   3.200e+02,   5.059e-01,   3.713e-16,   1.280e-16
   9.262e-03,   3.200e+02,   5.059e-01,   4.937e-16,   1.890e-16
   9.387e-03,   3.200e+02,   5.059e-01,  -2.353e-16,  -1.131e-16
   9.512e-03,   3.200e+02,   5.059e-01,   3.815e-16,   1.429e-16
   9.637e-03,   3.200e+02,   5.059e-01,  -2.347e-16,  -1.194e-16
   9.762e-03,   3.200e+02,   5.059e-01,   6.981e-16,   2.669e-16
   9.887e-03,   3.200e+02,   5.059e-01,   1.003e-16,   3.305e-17
   1.001e-02,   3.200e+02,   5.059e-01,  -2.067e-16,  -9.142e-17
   1.014e-02,   3.200e+02,   5.059e-01,  -1.974e-16,  -9.632e-17
   1.026e-02,   3.200e+02,   5.059e-01,   2.673e-16,   9.171e-17
   1.039e-02,   3.200e+02,   5.059e-01,   1.290e-16,   3.223e-17
   1.051e-02,   3.200e+02,   5.059e-01,   4.126e-16,   1.553e-16
   1.064e-02,   3.200e+02,   5.059e-01,   1.788e-17,   4.691e-18
   1.076e-02,   3.200e+02,   5.059e-01,  -5.268e-16,  -2.305e-16
   1.089e-02,   3.200e+02,   5.059e-01,   4.959e-16,   1.941e-16
   1.101e-02,   3.200e+02,   5.059e-01,  -4.605e-16,  -2.089e-16
   1.114e-02,   3.200e+02,   5.059e-01,   6.243e-16,   2.336e-16
   1.126e-02,   3.200e+02,   5.059e-01,   2.434e-16,   8.416e-17
   1.139e-02,   3.200e+02,   5.059e-01,   1.577e-16,   5.574e-17
   1.151e-02,   3.200e+02,   5.059e-01,  -2.115e-16,  -9.798e-17
   1.164e-02,   3.200e+02,   5.059e-01,   6.687e-18,  -2.037e-17
   1.176e-02,   3.200e+02,   5.059e-01,   6.238e-16,   2.386e-16
   1.189e-02,   3.200e+02,   5.059e-01,   3.706e-17,   6.300e-18
   1.202e-02,   3.200e+02,   5.059e-01,  -1.890e-16,  -9.271e-17
   1.214e-02,   3.200e+02,   5.059e-01,   3.889e-16,   1.505e-16
   1.227e-02,   3.200e+02,   5.059e-01,  -3.313e-16,  -1.487e-16
   1.239e-02,   3.200e+02,   5.059e-01,   1.506e-16,   3.776e-17
   1.252e-02,   3.200e+02,   5.059e-01,   6.557e-16,   2.561e-16
   1.264e-02,   3.200e+02,   5.059e-01,  -1.490e-16,  -6.403e-17
   1.277e-02,   3.200e+02,   5.059e-01,  -3.935e-16,  -1.765e-16
   1.289e-02,   3.200e+02,   5.059e-01,   4.574e-16,   1.744e-16
   1.302e-02,   3.200e+02,   5.059e-01,  -1.974e-16,  -1.009e-16
   1.314e-02,   3.200e+02,   5.059e-01,   6.317e-16,   2.468e-16
   1.327e-02,   3.200e+02,   5.059e-01,  -3.029e-16,  -1.401e-16
   1.339e-02,   3.200e+02,   5.059e-01,   4.268e-16,   1.605e-16
   1.352e-02,   3.200e+02,   5.059e-01,  -4.204e-17,  -3.143e-17
   1.364e-02,   3.200e+02,   5.059e-01,   2.179e-16,   7.511e-17
   1.377e-02,   3.200e+02,   5.059e-01,   2.703e-17,  -6.862e-18
   1.389e-02,   3.200e+02,   5.059e-01,   3.096e-16,   1.069e-16
   1.402e-02,   3.200e+02,   5.059e-01,   3.713e-16,   1.397e-16
   1.414e-02,   3.200e+02,   5.059e-01,   3.845e-17,   1.648e-17
   1.427e-02,   3.200e+02,   5.059e-01,  -5.786e-16,  -2.449e-16
   1.439e-02,   3.200e+02,   5.059e-01,   1.057e-16,   2.517e-17
   1.452e-02,   3.200e+02,   5.059e-01,   3.709e-16,   1.385e-16
   1.464e-02,   3.200e+02,   5.059e-01,   4.250e-17,   1.073e-17
   1.477e-02,   3.200e+02,   5.059e-01,  -2.490e-16,  -1.168e-16
   1.489e-02,   3.200e+02,   5.059e-01,   2.496e-16,   7.745e-17
   1.502e-02,   3.200e+02,   5.059e-01,   6.159e-16,   2.332e-16
   1.514e-02,   3.200e+02,   5.059e-01,   1.921e-16,   6.794e-17
   1.527e-02,   3.200e+02,   5.059e-01,   1.244e-17,   1.626e-19
   1.539e-02,   3.200e+02,   5.059e-01,  -3.178e-16,  -1.438e-16
   1.552e-02,   3.200e+02,   5.059e-01,   4.531e-16,   1.792e-16
   1.564e-02,   3.200e+02,   5.059e-01,  -4.241e-16,  -1.835e-16
   1.577e-02,   3.200e+02,   5.059e-01,   2.264e-16,   8.172e-17
   1.589e-02,   3.200e+02,   5.059e-01,  -4.020e-17,  -2.865e-17
   1.602e-02,   3.200e+02,   5.059e-01,   4.061e-17,  -4.898e-18
   1.615e-02,   3.200e+02,   5.059e-01,   5.422e-16,   2.014e-16
   1.627e-02,   3.200e+02,   5.059e-01,   3.828e-16,   1.496e-16
   1.640e-02,   3.200e+02,   5.059e-01,  -3.579e-16,  -1.596e-16
   1.652e-02,   3.200e+02,   5.059e-01,   4.205e-16,   1.655e-16
   1.665e-02,   3.200e+02,   5.059e-01,  -3.991e-16,  -1.777e-16
   1.677e-02,   3.200e+02,   5.059e-01,   3.903e-16,   1.426e-16
   1.690e-02,   3.200e+02,   5.059e-01,   1.924e-16,   6.310e-17
   1.702e-02,   3.200e+02,   5.059e-01,   1.492e-16,   4.064e-17
   1.715e-02,   3.200e+02,   5.059e-01,   5.539e-16,   2.170e-16
   1.727e-02,   3.200e+02,   5.059e-01,  -1.729e-16,  -7.427e-17
   1.740e-02,   3.200e+02,   5.059e-01,  -3.075e-16,  -1.426e-16
   1.752e-02,   3.200e+02,   5.059e-01,   4.984e-16,   1.861e-16
   1.765e-02,   3.200e+02,   5.059e-01,   1.932e-16,   6.452e-17
   1.777e-02,   3.200e+02,   5.059e-01,   2.695e-16,   1.056e-16
   1.790e-02,   3.200e+02,   5.059e-01,  -4.102e-16,  -1.803e-16
   1.802e-02,   3.200e+02,   5.059e-01,   4.446e-16,   1.754e-16
   1.815e-02,   3.200e+02,   5.059e-01,  -3.287e-16,  -1.420e-16
   1.827e-02,   3.200e+02,   5.059e-01,   3.677e-17,  -7.590e-19
   1.840e-02,   3.200e+02,   5.059e-01,   3.323e-16,   1.233e-16
   1.852e-02,   3.200e+02,   5.059e-01,   2.780e-17,  -8.424e-19
   1.865e-02,   3.200e+02,   5.059e-01,   1.486e-16,   4.767e-17
   1.877e-02,   3.200e+02,   5.059e-01,   1.544e-16,   5.163e-17
   1.890e-02,   3.200e+02,   5.059e-01,   1.669e-18,  -1.585e-17
   1.902e-02,   3.200e+02,   5.059e-01,   3.908e-16,   1.463e-16
   1.915e-02,   3.200e+02,   5.059e-01,   1.442e-16,   5.352e-17
   1.927e-02,   3.200e+02,   5.059e-01,  -2.908e-16,  -1.308e-16
   1.940e-02,   3.200e+02,   5.059e-01,   3.351e-16,   1.265e-16
   1.952e-02,   3.200e+02,   5.059e-01,  -1.350e-16,  -7.300e-17
   1.965e-02,   3.200e+02,   5.059e-01,   5.050e-16,   1.903e-16
   1.977e-02,   3.200e+02,   5.059e-01,   2.364e-16,   9.151e-17
   1.990e-02,   3.200e+02,   5.059e-01,  -3.020e-16,  -1.332e-16
   2.003e-02,   3.200e+02,   5.059e-01,   2.307e-16,   8.487e-17
   2.015e-02,   3.200e+02,   5.059e-01,  -9.900e-17,  -5.456e-17
   2.028e-02,   3.200e+02,   5.059e-01,   3.965e-16,   1.549e-16
   2.040e-02,   3.200e+02,   5.059e-01,  -2.396e-16,  -1.066e-16
   2.053e-02,   3.200e+02,   5.059e-01,   3.207e-17,  -5.095e-18
   2.065e-02,   3.200e+02,   5.059e-01,   5.300e-16,   2.049e-16
   2.078e-02,   3.200e+02,   5.059e-01,   1.005e-17,   1.224e-19
   2.090e-02,   3.200e+02,   5.059e-01,  -2.147e-16,  -9.528e-17
   2.103e-02,   3.200e+02,   5.059e-01,   5.319e-17,   1.077e-17
   2.115e-02,   3.200e+02,   5.059e-01,   1.096e-16,   3.240e-17
   2.128e-02,   3.200e+02,   5.059e-01,   9.383e-17,   2.114e-17
   2.140e-02,   3.200e+02,   5.059e-01,   4.214e-16,   1.575e-16
   2.153e-02,   3.200e+02,   5.059e-01,   1.638e-16,   5.690e-17
   2.165e-02,   3.200e+02,   5.059e-01,   2.857e-17,   1.867e-18
   2.178e-02,   3.200e+02,   5.059e-01,   1.222e-16,   4.226e-17
   2.190e-02,   3.200e+02,   5.059e-01,  -2.172e-17,  -1.368e-17
   2.203e-02,   3.200e+02,   5.059e-01,  -1.192e-16,  -5.488e-17
   2.215e-02,   3.200e+02,   5.059e-01,  -1.184e-16,  -6.517e-17
   2.228e-02,   3.200e+02,   5.059e-01,   5.125e-16,   1.968e-16
   2.240e-02,   3.200e+02,   5.059e-01,   5.705e-17,   1.532e-17
   2.253e-02,   3.200e+02,   5.059e-01,  -1.745e-17,  -1.813e-17
   2.265e-02,   3.200e+02,   5.059e-01,   1.971e-16,   7.232e-17
   2.278e-02,   3.200e+02,   5.059e-01,  -1.044e-16,  -5.522e-17
   2.290e-02,   3.200e+02,   5.059e-01,   3.046e-16,   1.131e-16
   2.303e-02,   3.200e+02,   5.059e-01,   9.121e-17,   2.986e-17
   2.315e-02,   3.200e+02,   5.059e-01,  -6.451e-17,  -3.709e-17
   2.328e-02,   3.200e+02,   5.059e-01,   1.991e-16,   7.238e-17
   2.340e-02,   3.200e+02,   5.059e-01,  -8.566e-17,  -5.224e-17
   2.353e-02,   3.200e+02,   5.059e-01,   5.927e-16,   2.353e-16
   2.365e-02,   3.200e+02,   5.059e-01,  -3.163e-16,  -1.411e-16
   2.378e-02,   3.200e+02,   5.059e-01,   2.484e-16,   8.082e-17
   2.390e-02,   3.200e+02,   5.059e-01,   6.660e-16,   2.660e-16
   2.403e-02,   3.200e+02,   5.059e-01,  -2.924e-16,  -1.216e-16
   2.416e-02,   3.200e+02,   5.059e-01,  -1.653e-16,  -7.650e-17
   2.428e-02,   3.200e+02,   5.059e-01,   1.205e-16,   3.490e-17
   2.441e-02,   3.200e+02,   5.059e-01,   2.793e-16,   9.975e-17
   2.453e-02,   3.200e+02,   5.059e-01,   2.273e-16,   8.055e-17
   2.466e-02,   3.200e+02,   5.059e-01,   1.520e-16,   5.127e-17
   2.478e-02,   3.200e+02,   5.059e-01,   1.669e-16,   6.258e-17
   2.491e-02,   3.200e+02,   5.059e-01,  -1.332e-16,  -6.162e-17
   2.503e-02,   3.200e+02,   5.059e-01,   9.468e-17,   3.226e-17
   2.516e-02,   3.200e+02,   5.059e-01,  -9.511e-17,  -4.978e-17
   2.528e-02,   3.200e+02,   5.059e-01,   2.298e-16,   8.269e-17
   2.541e-02,   3.200e+02,   5.059e-01,   1.396e-16,   4.959e-17
   2.553e-02,   3.200e+02,   5.059e-01,  -2.349e-17,  -1.797e-17
   2.566e-02,   3.200e+02,   5.059e-01,   5.219e-17,   9.692e-18
   2.578e-02,   3.200e+02,   5.059e-01,   2.297e-16,   8.365e-17
   2.591e-02,   3.200e+02,   5.059e-01,   3.665e-17,   2.803e-18
   2.603e-02,   3.200e+02,   5.059e-01,   2.538e-16,   9.218e-17
   2.616e-02,   3.200e+02,   5.059e-01,   1.830e-16,   7.000e-17
   2.628e-02,   3.200e+02,   5.059e-01,  -1.875e-16,  -8.499e-17
   2.641e-02,   3.200e+02,   5.059e-01,   1.752e-16,   6.304e-17
   2.653e-02,   3.200e+02,   5.059e-01,  -6.851e-17,  -4.378e-17
   2.666e-02,   3.200e+02,   5.059e-01,   5.414e-16,   2.124e-16
   2.678e-02,   3.200e+02,   5.059e-01,  -4.795e-17,  -2.149e-17
   2.691e-02,   3.200e+02,   5.059e-01,  -2.088e-16,  -9.013e-17
   2.703e-02,   3.200e+02,   5.059e-01,  -4.848e-17,  -3.182e-17
   2.716e-02,   3.200e+02,   5.059e-01,   2.999e-16,   1.099e-16
   2.728e-02,   3.200e+02,   5.059e-01,   2.672e-16,   1.073e-16
   2.741e-02,   3.200e+02,   5.059e-01,  -3.798e-16,  -1.639e-16
   2.753e-02,   3.200e+02,   5.059e-01,   2.569e-16,   9.278e-17
   2.766e-02,   3.200e+02,   5.059e-01,   1.957e-16,   7.030e-17
   2.778e-02,   3.200e+02,   5.059e-01,   6.478e-17,   1.571e-17
   2.791e-02,   3.200e+02,   5.059e-01,   2.106e-16,   7.834e-17
   2.804e-02,   3.200e+02,   5.059e-01,  -8.646e-17,  -5.051e-17
   2.816e-02,   3.200e+02,   5.059e-01,   5.284e-16,   2.078e-16
   2.829e-02,   3.200e+02,   5.059e-01,  -8.215e-17,  -3.660e-17
   2.841e-02,   3.200e+02,   5.059e-01,  -1.377e-16,  -6.400e-17
   2.854e-02,   3.200e+02,   5.059e-01,   7.764e-17,   1.786e-17
   2.866e-02,   3.200e+02,   5.059e-01,   4.533e-16,   1.811e-16
   2.879e-02,   3.200e+02,   5.059e-01,  -3.113e-16,  -1.340e-16
   2.891e-02,   3.200e+02,   5.059e-01,   1.482e-16,   4.963e-17
   2.904e-02,   3.200e+02,   5.059e-01,   1.505e-16,   4.841e-17
   2.916e-02,   3.200e+02,   5.059e-01,   3.437e-16,   1.346e-16
   2.929e-02,   3.200e+02,   5.059e-01,  -1.476e-16,  -6.598e-17
   2.941e-02,   3.200e+02,   5.059e-01,   4.346e-17,   9.201e-18
   2.954e-02,   3.200e+02,   5.059e-01,   7.530e-17,   1.847e-17
   2.966e-02,   3.200e+02,   5.059e-01,   3.254e-16,   1.252e-16
   2.979e-02,   3.200e+02,   5.059e-01,  -1.488e-17,  -1.103e-17
   2.991e-02,   3.200e+02,   5.059e-01,  -7.711e-17,  -4.200e-17
   3.004e-02,   3.200e+02,   5.059e-01,   2.413e-16,   8.536e-17
   3.016e-02,   3.200e+02,   5.059e-01,   3.142e-16,   1.226e-16
   3.029e-02,   3.200e+02,   5.059e-01,  -7.381e-17,  -3.208e-17
   3.041e-02,   3.200e+02,   5.059e-01,  -1.717e-16,  -7.764e-17
   3.054e-02,   3.200e+02,   5.059e-01,   1.564e-16,   5.530e-17
   3.066e-02,   3.200e+02,   5.059e-01,   5.577e-17,   1.123e-17
   3.079e-02,   3.200e+02,   5.059e-01,   2.941e-16,   1.115e-16
   3.091e-02,   3.200e+02,   5.059e-01,   6.390e-17,   2.181e-17
   3.104e-02,   3.200e+02,   5.059e-01,  -9.743e-17,  -4.738e-17
   3.116e-02,   3.200e+02,   5.059e-01,   1.312e-16,   4.348e-17
   3.129e-02,   3.200e+02,   5.059e-01,   1.842e-16,   6.682e-17
   3.141e-02,   3.200e+02,   5.059e-01,   9.574e-17,   3.348e-17
   3.154e-02,   3.200e+02,   5.059e-01,  -7.655e-17,  -4.172e-17
   3.166e-02,   3.200e+02,   5.059e-01,   2.244e-16,   7.677e-17
   3.179e-02,   3.200e+02,   5.059e-01,   3.367e-16,   1.240e-16
   3.191e-02,   3.200e+02,   5.059e-01,   2.969e-16,   1.148e-16
   3.204e-02,   3.200e+02,   5.059e-01,  -9.922e-17,  -4.609e-17
   3.217e-02,   3.200e+02,   5.059e-01,  -5.692e-18,  -1.059e-17
   3.229e-02,   3.200e+02,   5.059e-01,   3.801e-17,   4.106e-18
   3.242e-02,   3.200e+02,   5.059e-01,   1.164e-16,   3.459e-17
   3.254e-02,   3.200e+02,   5.059e-01,   5.732e-17,   7.993e-18
   3.267e-02,   3.200e+02,   5.059e-01,   7.453e-17,   1.128e-17
   3.279e-02,   3.200e+02,   5.059e-01,  -1.093e-17,  -3.279e-17
   3.292e-02,   3.200e+02,   5.059e-01,   2.139e-16,   5.205e-17
   3.304e-02,   3.200e+02,   5.059e-01,  -5.858e-17,  -7.555e-17
   3.317e-02,   3.200e+02,   5.059e-01,   3.980e-16,   1.038e-16
   3.329e-02,   3.200e+02,   5.059e-01,  -4.512e-16,  -2.705e-16
   3.342e-02,   3.200e+02,   5.059e-01,   8.682e-17,  -8.908e-17
   3.354e-02,   3.200e+02,   5.059e-01,   8.422e-17,  -1.392e-16
   3.367e-02,   3.200e+02,   5.059e-01,   4.946e-16,  -2.143e-17
   3.379e-02,   3.200e+02,   5.059e-01,  -5.096e-17,  -3.125e-16
   3.392e-02,   3.200e+02,   5.059e-01,  -1.782e-16,  -4.622e-16
   3.404e-02,   3.200e+02,   5.059e-01,  -1.620e-16,  -5.861e-16
   3.417e-02,   3.200e+02,   5.059e-01,   1.085e-16,  -6.387e-16
   3.429e-02,   3.200e+02,   5.059e-01,   2.816e-16,  -7.605e-16
   3.442e-02,   3.200e+02,   5.059e-01,  -3.108e-16,  -1.262e-15
   3.454e-02,   3.200e+02,   5.059e-01,   4.603e-16,  -1.254e-15
   3.467e-02,   3.200e+02,   5.059e-01,   3.757e-17,  -1.795e-15
   3.479e-02,   3.200e+02,   5.059e-01,  -7.534e-16,  -2.599e-15
   3.492e-02,   3.200e+02,   5.059e-01,   1.995e-16,  -2.782e-15
   3.504e-02,   3.200e+02,   5.059e-01,  -3.562e-17,  -3.558e-15
   3.517e-02,   3.200e+02,   5.059e-01,  -3.400e-16,  -4.501e-15
   3.529e-02,   3.200e+02,   5.059e-01,  -5.920e-16,  -5.589e-15
   3.542e-02,   3.200e+02,   5.059e-01,  -3.767e-16,  -6.664e-15
   3.554e-02,   3.200e+02,   5.059e-01,  -6.897e-16,  -8.166e-15
   3.567e-02,   3.200e+02,   5.059e-01,  -4.197e-16,  -9.652e-15
   3.579e-02,   3.200e+02,   5.059e-01,  -1.274e-15,  -1.188e-14
   3.592e-02,   3.200e+02,   5.059e-01,  -6.293e-16,  -1.378e-14
   3.605e-02,   3.200e+02,   5.059e-01,  -1.293e-15,  -1.655e-14
   3.617e-02,   3.200e+02,   5.059e-01,  -1.732e-15,  -1.960e-14
   3.630e-02,   3.200e+02,   5.059e-01,  -1.501e-15,  -2.279e-14
   3.642e-02,   3.200e+02,   5.059e-01,  -2.291e-15,  -2.685e-14
   3.655e-02,   3.200e+02,   5.059e-01,  -2.292e-15,  -3.108e-14
   3.667e-02,   3.200e+02,   5.059e-01,  -2.541e-15,  -3.595e-14
   3.680e-02,   3.200e+02,   5.059e-01,  -3.317e-15,  -4.162e-14
   3.692e-02,   3.200e+02,   5.059e-01,  -3.523e-15,  -4.770e-14
   3.705e-02,   3.200e+02,   5.059e-01,  -4.585e-15,  -5.483e-14
   3.717e-02,   3.200e+02,   5.059e-01,  -4.112e-15,  -6.206e-14
   3.730e-02,   3.200e+02,   5.059e-01,  -5.034e-15,  -7.064e-14
   3.742e-02,   3.200e+02,   5.059e-01,  -6.249e-15,  -8.019e-14
   3.755e-02,   3.200e+02,   5.059e-01,  -7.064e-15,  -9.048e-14
   3.767e-02,   3.200e+02,   5.059e-01,  -6.853e-15,  -1.013e-13
   3.780e-02,   3.200e+02,   5.059e-01,  -8.848e-15,  -1.140e-13
   3.792e-02,   3.200e+02,   5.059e-01,  -9.272e-15,  -1.271e-13
   3.805e-02,   3.200e+02,   5.059e-01,  -1.061e-14,  -1.417e-13
   3.817e-02,   3.200e+02,   5.059e-01,  -1.163e-14,  -1.573e-13
   3.830e-02,   3.200e+02,   5.059e-01,  -1.247e-14,  -1.739e-13
   3.842e-02,   3.200e+02,   5.059e-01,  -1.437e-14,  -1.923e-13
   3.855e-02,   3.200e+02,   5.059e-01,  -1.550e-14,  -2.116e-13
   3.867e-02,   3.200e+02,   5.059e-01,  -1.717e-14,  -2.324e-13
   3.880e-02,   3.200e+02,   5.059e-01,  -1.832e-14,  -2.543e-13
   3.892e-02,   3.200e+02,   5.059e-01,  -2.024e-14,  -2.779e-13
   3.905e-02,   3.200e+02,   5.059e-01,  -2.204e-14,  -3.028e-13
   3.917e-02,   3.200e+02,   5.059e-01,  -2.389e-14,  -3.291e-13
   3.930e-02,   3.200e+02,   5.059e-01,  -2.594e-14,  -3.569e-13
   3.942e-02,   3.200e+02,   5.059e-01,  -2.763e-14,  -3.859e-13
   3.955e-02,   3.200e+02,   5.059e-01,  -2.973e-14,  -4.165e-13
   3.967e-02,   3.200e+02,   5.059e-01,  -3.194e-14,  -4.485e-13
   3.980e-02,   3.200e+02,   5.059e-01,  -3.482e-14,  -4.821e-13
   3.992e-02,   3.200e+02,   5.059e-01,  -3.734e-14,  -5.170e-13
   4.005e-02,   3.200e+02,   5.059e-01,  -3.936e-14,  -5.529e-13
   4.018e-02,   3.200e+02,   5.059e-01,  -4.216e-14,  -5.904e-13
   4.030e-02,   3.200e+02,   5.059e-01,  -4.494e-14,  -6.291e-13
   4.043e-02,   3.200e+02,   5.059e-01,  -4.792e-14,  -6.690e-13
   4.055e-02,   3.200e+02,   5.059e-01,  -5.025e-14,  -7.098e-13
   4.068e-02,   3.200e+02,   5.059e-01,  -5.375e-14,  -7.520e-13
   4.080e-02,   3.200e+02,   5.059e-01,  -5.607e-14,  -7.947e-13
   4.093e-02,   3.200e+02,   5.059e-01,  -5.916e-14,  -8.385e-13
   4.105e-02,   3.200e+02,   5.059e-01,  -6.266e-14,  -8.833e-13
   4.118e-02,   3.200e+02,   5.059e-01,  -6.541e-14,  -9.283e-13
   4.130e-02,   3.200e+02,   5.059e-01,  -6.881e-14,  -9.741e-13
   4.143e-02,   3.200e+02,   5.059e-01,  -7.172e-14,  -1.020e-12
   4.155e-02,   3.200e+02,   5.059e-01,  -7.508e-14,  -1.067e-12
   4.168e-02,   3.200e+02,   5.059e-01,  -7.819e-14,  -1.113e-12
   4.180e-02,   3.200e+02,   5.059e-01,  -8.126e-14,  -1.159e-12
   4.193e-02,   3.200e+02,   5.059e-01,  -8.468e-14,  -1.206e-12
   4.205e-02,   3.200e+02,   5.059e-01,  -8.754e-14,  -1.251e-12
   4.218e-02,   3.200e+02,   5.059e-01,  -9.043e-14,  -1.297e-12
   4.230e-02,   3.200e+02,   5.059e-01,  -9.393e-14,  -1.341e-12
   4.243e-02,   3.200e+02,   5.059e-01,  -9.672e-14,  -1.385e-12
   4.255e-02,   3.200e+02,   5.059e-01,  -9.942e-14,  -1.427e-12
   4.268e-02,   3.200e+02,   5.059e-01,  -1.027e-13,  -1.469e-12
   4.280e-02,   3.200e+02,   5.059e-01,  -1.047e-13,  -1.508e-12
   4.293e-02,   3.200e+02,   5.059e-01,  -1.076e-13,  -1.546e-12
   4.305e-02,   3.200e+02,   5.059e-01,  -1.094e-13,  -1.582e-12
   4.318e-02,   3.200e+02,   5.059e-01,  -1.117e-13,  -1.616e-12
   4.330e-02,   3.200e+02,   5.059e-01,  -1.147e-13,  -1.648e-12
   4.343e-02,   3.200e+02,   5.059e-01,  -1.162e-13,  -1.677e-12
   4.355e-02,   3.200e+02,   5.059e-01,  -1.175e-13,  -1.702e-12
   4.368e-02,   3.200e+02,   5.059e-01,  -1.194e-13,  -1.726e-12
   4.380e-02,   3.200e+02,   5.059e-01,  -1.204e-13,  -1.745e-12
   4.393e-02,   3.200e+02,   5.059e-01,  -1.211e-13,  -1.761e-12
   4.406e-02,   3.200e+02,   5.059e-01,  -1.224e-13,  -1.774e-12
   4.418e-02,   3.200e+02,   5.059e-01,  -1.227e-13,  -1.782e-12
   4.431e-02,   3.200e+02,   5.059e-01,  -1.223e-13,  -1.787e-12
   4.443e-02,   3.200e+02,   5.059e-01,  -1.224e-13,  -1.787e-12
   4.456e-02,   3.200e+02,   5.059e-01,  -1.223e-13,  -1.782e-12
   4.468e-02,   3.200e+02,   5.059e-01,  -1.211e-13,  -1.772e-12
   4.481e-02,   3.200e+02,   5.059e-01,  -1.203e-13,  -1.758e-12
   4.493e-02,   3.200e+02,   5.059e-01,  -1.188e-13,  -1.738e-12
   4.506e-02,   3.200e+02,   5.059e-01,  -1.164e-13,  -1.713e-12
   4.518e-02,   3.200e+02,   5.059e-01,  -1.147e-13,  -1.682e-12
   4.531e-02,   3.200e+02,   5.059e-01,  -1.121e-13,  -1.646e-12
   4.543e-02,   3.200e+02,   5.059e-01,  -1.080e-13,  -1.602e-12
   4.556e-02,   3.200e+02,   5.059e-01,  -1.053e-13,  -1.554e-12
   4.568e-02,   3.200e+02,   5.059e-01,  -1.012e-13,  -1.498e-12
   4.581e-02,   3.200e+02,   5.059e-01,  -9.666e-14,  -1.436e-12
   4.593e-02,   3.200e+02,   5.059e-01,  -9.160e-14,  -1.368e-12
   4.606e-02,   3.200e+02,   5.059e-01,  -8.601e-14,  -1.292e-12
   4.618e-02,   3.200e+02,   5.059e-01,  -8.087e-14,  -1.210e-12
   4.631e-02,   3.200e+02,   5.059e-01,  -7.413e-14,  -1.120e-12
   4.643e-02,   3.200e+02,   5.059e-01,  -6.654e-14,  -1.023e-12
   4.656e-02,   3.200e+02,   5.059e-01,  -5.966e-14,  -9.184e-13
   4.668e-02,   3.200e+02,   5.059e-01,  -5.199e-14,  -8.065e-13
   4.681e-02,   3.200e+02,   5.059e-01,  -4.325e-14,  -6.867e-13
   4.693e-02,   3.200e+02,   5.059e-01,  -3.407e-14,  -5.594e-13
   4.706e-02,   3.200e+02,   5.059e-01,  -2.271e-14,  -4.240e-13
   4.718e-02,   3.200e+02,   5.059e-01,  -5.882e-15,  -2.807e-13
   4.731e-02,   3.200e+02,   5.059e-01,   3.161e-14,  -1.290e-13
   4.743e-02,   3.200e+02,   5.059e-01,   1.462e-13,   3.170e-14
   4.756e-02,   3.200e+02,   5.059e-01,   5.574e-13,   2.050e-13
   4.768e-02,   3.200e+02,   5.059e-01,   2.117e-12,   4.077e-13
   4.781e-02,   3.200e+02,   5.059e-01,   8.120e-12,   7.198e-13
   4.793e-02,   3.200e+02,   5.059e-01,   3.134e-11,   1.528e-12
   4.806e-02,   3.200e+02,   5.059e-01,   1.212e-10,   4.678e-12
   4.819e-02,   3.200e+02,   5.059e-01,   4.693e-10,   1.904e-11
   4.831e-02,   3.200e+02,   5.059e-01,   1.818e-09,   8.715e-11
   4.844e-02,   3.200e+02,   5.059e-01,   7.039e-09,   4.132e-10
   4.856e-02,   3.200e+02,   5.059e-01,   2.726e-08,   1.977e-09
   4.869e-02,   3.200e+02,   5.059e-01,   1.056e-07,   9.480e-09
   4.881e-02,   3.200e+02,   5.060e-01,   4.089e-07,   4.548e-08
   4.894e-02,   3.200e+02,   5.061e-01,   1.583e-06,   2.182e-07
   4.906e-02,   3.202e+02,   5.063e-01,   6.132e-06,   1.047e-06
   4.919e-02,   3.206e+02,   5.071e-01,   2.373e-05,   5.020e-06
   4.931e-02,   3.223e+02,   5.100e-01,   9.169e-05,   2.401e-05
   4.944e-02,   3.288e+02,   5.208e-01,   3.518e-04,   1.138e-04
   4.956e-02,   3.527e+02,   5.601e-01,   1.317e-03,   5.226e-04
   4.969e-02,   4.313e+02,   6.894e-01,   4.579e-03,   2.182e-03
   4.981e-02,   6.368e+02,   1.035e+00,   1.375e-02,   7.547e-03
   4.994e-02,   1.033e+03,   1.738e+00,   3.434e-02,   2.083e-02
   5.000e-02,   1.287e+03,   2.216e+00,   4.954e-02,   3.281e-02
   5.006e-02,   1.514e+03,   2.655e+00,   6.261e-02,   4.916e-02
   5.019e-02,   1.757e+03,   3.099e+00,   6.039e-02,   8.965e-02
   5.031e-02,   1.851e+03,   3.246e+00,   4.837e-02,   1.157e-01
   5.044e-02,   1.906e+03,   3.327e+00,   4.039e-02,   1.299e-01
   5.056e-02,   1.946e+03,   3.386e+00,   3.582e-02,   1.376e-01
   5.069e-02,   1.977e+03,   3.432e+00,   3.312e-02,   1.420e-01
   5.081e-02,   2.002e+03,   3.471e+00,   3.137e-02,   1.448e-01
   5.094e-02,   2.023e+03,   3.503e+00,   3.012e-02,   1.468e-01
   5.106e-02,   2.041e+03,   3.530e+00,   2.915e-02,   1.484e-01
   5.119e-02,   2.056e+03,   3.553e+00,   2.833e-02,   1.496e-01
   5.131e-02,   2.070e+03,   3.574e+00,   2.762e-02,   1.508e-01
   5.144e-02,   2.082e+03,   3.592e+00,   2.697e-02,   1.518e-01
   5.156e-02,   2.092e+03,   3.608e+00,   2.639e-02,   1.527e-01
   5.169e-02,   2.102e+03,   3.622e+00,   2.585e-02,   1.536e-01
   5.181e-02,   2.110e+03,   3.635e+00,   2.534e-02,   1.544e-01
   5.194e-02,   2.118e+03,   3.647e+00,   2.488e-02,   1.551e-01
   5.207e-02,   2.125e+03,   3.657e+00,   2.444e-02,   1.558e-01
   5.219e-02,   2.132e+03,   3.667e+00,   2.403e-02,   1.564e-01
   5.232e-02,   2.138e+03,   3.676e+00,   2.364e-02,   1.570e-01
   5.244e-02,   2.143e+03,   3.684e+00,   2.328e-02,   1.576e-01
   5.257e-02,   2.149e+03,   3.692e+00,   2.293e-02,   1.582e-01
   5.269e-02,   2.153e+03,   3.699e+00,   2.261e-02,   1.587e-01
   5.282e-02,   2.158e+03,   3.705e+00,   2.230e-02,   1.591e-01
   5.294e-02,   2.162e+03,   3.711e+00,   2.201e-02,   1.596e-01
   5.307e-02,   2.166e+03,   3.717e+00,   2.174e-02,   1.600e-01
   5.319e-02,   2.170e+03,   3.723e+00,   2.148e-02,   1.604e-01
   5.332e-02,   2.173e+03,   3.728e+00,   2.123e-02,   1.608e-01
   5.344e-02,   2.176e+03,   3.732e+00,   2.099e-02,   1.612e-01
   5.357e-02,   2.179e+03,   3.737e+00,   2.076e-02,   1.616e-01
   5.369e-02,   2.182e+03,   3.741e+00,   2.055e-02,   1.619e-01
   5.382e-02,   2.185e+03,   3.745e+00,   2.034e-02,   1.622e-01
   5.394e-02,   2.188e+03,   3.749e+00,   2.015e-02,   1.625e-01
   5.407e-02,   2.190e+03,   3.753e+00,   1.996e-02,   1.628e-01
   5.419e-02,   2.193e+03,   3.756e+00,   1.978e-02,   1.631e-01
   5.432e-02,   2.195e+03,   3.759e+00,   1.960e-02,   1.634e-01
   5.444e-02,   2.197e+03,   3.762e+00,   1.944e-02,   1.637e-01
   5.457e-02,   2.199e+03,   3.765e+00,   1.928e-02,   1.639e-01
   5.469e-02,   2.201e+03,   3.768e+00,   1.913e-02,   1.642e-01
   5.482e-02,   2.203e+03,   3.771e+00,   1.898e-02,   1.644e-01
   5.494e-02,   2.205e+03,   3.774e+00,   1.884e-02,   1.646e-01
   5.507e-02,   2.206e+03,   3.776e+00,   1.870e-02,   1.648e-01
   5.519e-02,   2.208e+03,   3.778e+00,   1.857e-02,   1.650e-01
   5.532e-02,   2.210e+03,   3.781e+00,   1.845e-02,   1.652e-01
   5.544e-02,   2.211e+03,   3.783e+00,   1.833e-02,   1.654e-01
   5.557e-02,   2.213e+03,   3.785e+00,   1.821e-02,   1.656e-01
   5.569e-02,   2.214e+03,   3.787e+00,   1.810e-02,   1.658e-01
   5.582e-02,   2.215e+03,   3.789e+00,   1.799e-02,   1.660e-01
   5.594e-02,   2.217e+03,   3.791e+00,   1.788e-02,   1.661e-01
   5.607e-02,   2.218e+03,   3.793e+00,   1.778e-02,   1.663e-01
   5.620e-02,   2.219e+03,   3.794e+00,   1.768e-02,   1.664e-01
   5.632e-02,   2.220e+03,   3.796e+00,   1.759e-02,   1.666e-01
   5.645e-02,   2.221e+03,   3.798e+00,   1.750e-02,   1.667e-01
   5.657e-02,   2.222e+03,   3.799e+00,   1.741e-02,   1.669e-01
   5.670e-02,   2.224e+03,   3.801e+00,   1.732e-02,   1.670e-01
   5.682e-02,   2.225e+03,   3.802e+00,   1.724e-02,   1.671e-01
   5.695e-02,   2.226e+03,   3.803e+00,   1.716e-02,   1.673e-01
   5.707e-02,   2.226e+03,   3.805e+00,   1.708e-02,   1.674e-01
   5.720e-02,   2.227e+03,   3.806e+00,   1.701e-02,   1.675e-01
   5.732e-02,   2.228e+03,   3.807e+00,   1.694e-02,   1.676e-01
   5.745e-02,   2.229e+03,   3.809e+00,   1.687e-02,   1.677e-01
   5.757e-02,   2.230e+03,   3.810e+00,   1.680e-02,   1.678e-01
   5.770e-02,   2.231e+03,   3.811e+00,   1.673e-02,   1.679e-01
   5.782e-02,   2.231e+03,   3.812e+00,   1.667e-02,   1.680e-01
   5.795e-02,   2.232e+03,   3.813e+00,   1.660e-02,   1.681e-01
   5.807e-02,   2.233e+03,   3.814e+00,   1.654e-02,   1.682e-01
   5.820e-02,   2.234e+03,   3.815e+00,   1.649e-02,   1.683e-01
   5.832e-02,   2.234e+03,   3.816e+00,   1.643e-02,   1.684e-01
   5.845e-02,   2.235e+03,   3.817e+00,   1.637e-02,   1.685e-01
   5.857e-02,   2.236e+03,   3.818e+00,   1.632e-02,   1.686e-01
   5.870e-02,   2.236e+03,   3.819e+00,   1.627e-02,   1.687e-01
   5.882e-02,   2.237e+03,   3.820e+00,   1.622e-02,   1.687e-01
   5.895e-02,   2.237e+03,   3.820e+00,   1.617e-02,   1.688e-01
   5.907e-02,   2.238e+03,   3.821e+00,   1.612e-02,   1.689e-01
   5.920e-02,   2.238e+03,   3.822e+00,   1.607e-02,   1.690e-01
   5.932e-02,   2.239e+03,   3.823e+00,   1.603e-02,   1.690e-01
   5.945e-02,   2.239e+03,   3.823e+00,   1.599e-02,   1.691e-01
   5.957e-02,   2.240e+03,   3.824e+00,   1.594e-02,   1.692e-01
   5.970e-02,   2.240e+03,   3.825e+00,   1.590e-02,   1.692e-01
   5.982e-02,   2.241e+03,   3.825e+00,   1.586e-02,   1.693e-01
   5.995e-02,   2.241e+03,   3.826e+00,   1.582e-02,   1.694e-01
   6.008e-02,   2.242e+03,   3.827e+00,   1.579e-02,   1.694e-01
   6.020e-02,   2.242e+03,   3.827e+00,   1.575e-02,   1.695e-01
   6.033e-02,   2.243e+03,   3.828e+00,   1.571e-02,   1.695e-01
   6.045e-02,   2.243e+03,   3.828e+00,   1.568e-02,   1.696e-01
   6.058e-02,   2.243e+03,   3.829e+00,   1.564e-02,   1.696e-01
   6.070e-02,   2.244e+03,   3.830e+00,   1.561e-02,   1.697e-01
   6.083e-02,   2.244e+03,   3.830e+00,   1.558e-02,   1.697e-01
   6.095e-02,   2.245e+03,   3.831e+00,   1.555e-02,   1.698e-01
   6.108e-02,   2.245e+03,   3.831e+00,   1.552e-02,   1.698e-01
   6.120e-02,   2.245e+03,   3.832e+00,   1.549e-02,   1.699e-01
   6.133e-02,   2.246e+03,   3.832e+00,   1.546e-02,   1.699e-01
   6.145e-02,   2.246e+03,   3.833e+00,   1.543e-02,   1.700e-01
   6.158e-02,   2.246e+03,   3.833e+00,   1.540e-02,   1.700e-01
   6.170e-02,   2.246e+03,   3.833e+00,   1.538e-02,   1.701e-01
   6.183e-02,   2.247e+03,   3.834e+00,   1.535e-02,   1.701e-01
   6.195e-02,   2.247e+03,   3.834e+00,   1.533e-02,   1.701e-01
   6.208e-02,   2.247e+03,   3.835e+00,   1.530e-02,   1.702e-01
   6.220e-02,   2.248e+03,   3.835e+00,   1.528e-02,   1.702e-01
   6.233e-02,   2.248e+03,   3.835e+00,   1.525e-02,   1.703e-01
   6.245e-02,   2.248e+03,   3.836e+00,   1.523e-02,   1.703e-01
   6.258e-02,   2.248e+03,   3.836e+00,   1.521e-02,   1.703e-01
   6.270e-02,   2.249e+03,   3.837e+00,   1.519e-02,   1.704e-01
   6.283e-02,   2.249e+03,   3.837e+00,   1.517e-02,   1.704e-01
   6.295e-02,   2.249e+03,   3.837e+00,   1.515e-02,   1.704e-01
   6.308e-02,   2.249e+03,   3.838e+00,   1.513e-02,   1.705e-01
   6.320e-02,   2.250e+03,   3.838e+00,   1.511e-02,   1.705e-01
   6.333e-02,   2.250e+03,   3.838e+00,   1.509e-02,   1.705e-01
   6.345e-02,   2.250e+03,   3.838e+00,   1.507e-02,   1.705e-01
   6.358e-02,   2.250e+03,   3.839e+00,   1.505e-02,   1.706e-01
   6.370e-02,   2.250e+03,   3.839e+00,   1.503e-02,   1.706e-01
   6.383e-02,   2.251e+03,   3.839e+00,   1.502e-02,   1.706e-01
   6.395e-02,   2.251e+03,   3.840e+00,   1.500e-02,   1.707e-01
   6.408e-02,   2.251e+03,   3.840e+00,   1.498e-02,   1.707e-01
   6.421e-02,   2.251e+03,   3.840e+00,   1.497e-02,   1.707e-01
   6.433e-02,   2.251e+03,   3.840e+00,   1.495e-02,   1.707e-01
   6.446e-02,   2.252e+03,   3.841e+00,   1.494e-02,   1.708e-01
   6.458e-02,   2.252e+03,   3.841e+00,   1.492e-02,   1.708e-01
   6.471e-02,   2.252e+03,   3.841e+00,   1.491e-02,   1.708e-01
   6.483e-02,   2.252e+03,   3.841e+00,   1.490e-02,   1.708e-01
   6.496e-02,   2.252e+03,   3.841e+00,   1.488e-02,   1.708e-01
   6.508e-02,   2.252e+03,   3.842e+00,   1.487e-02,   1.709e-01
   6.521e-02,   2.252e+03,   3.842e+00,   1.486e-02,   1.709e-01
   6.533e-02,   2.253e+03,   3.842e+00,   1.484e-02,   1.709e-01
   6.546e-02,   2.253e+03,   3.842e+00,   1.483e-02,   1.709e-01
   6.558e-02,   2.253e+03,   3.842e+00,   1.482e-02,   1.709e-01
   6.571e-02,   2.253e+03,   3.843e+00,   1.481e-02,   1.710e-01
   6.583e-02,   2.253e+03,   3.843e+00,   1.480e-02,   1.710e-01
   6.596e-02,   2.253e+03,   3.843e+00,   1.479e-02,   1.710e-01
   6.608e-02,   2.253e+03,   3.843e+00,   1.477e-02,   1.710e-01
   6.621e-02,   2.253e+03,   3.843e+00,   1.476e-02,   1.710e-01
   6.633e-02,   2.254e+03,   3.844e+00,   1.475e-02,   1.710e-01
   6.646e-02,   2.254e+03,   3.844e+00,   1.474e-02,   1.711e-01
   6.658e-02,   2.254e+03,   3.844e+00,   1.473e-02,   1.711e-01
   6.671e-02,   2.254e+03,   3.844e+00,   1.472e-02,   1.711e-01
   6.683e-02,   2.254e+03,   3.844e+00,   1.472e-02,   1.711e-01
   6.696e-02,   2.254e+03,   3.844e+00,   1.471e-02,   1.711e-01
   6.708e-02,   2.254e+03,   3.844e+00,   1.470e-02,   1.711e-01
   6.721e-02,   2.254e+03,   3.845e+00,   1.469e-02,   1.712e-01
   6.733e-02,   2.254e+03,   3.845e+00,   1.468e-02,   1.712e-01
   6.746e-02,   2.255e+03,   3.845e+00,   1.467e-02,   1.712e-01
   6.758e-02,   2.255e+03,   3.845e+00,   1.466e-02,   1.712e-01
   6.771e-02,   2.255e+03,   3.845e+00,   1.466e-02,   1.712e-01
   6.783e-02,   2.255e+03,   3.845e+00,   1.465e-02,   1.712e-01
   6.796e-02,   2.255e+03,   3.845e+00,   1.464e-02,   1.712e-01
   6.809e-02,   2.255e+03,   3.845e+00,   1.463e-02,   1.712e-01
   6.821e-02,   2.255e+03,   3.846e+00,   1.463e-02,   1.712e-01
   6.834e-02,   2.255e+03,   3.846e+00,   1.462e-02,   1.713e-01
   6.846e-02,   2.255e+03,   3.846e+00,   1.461e-02,   1.713e-01
   6.859e-02,   2.255e+03,   3.846e+00,   1.461e-02,   1.713e-01
   6.871e-02,   2.255e+03,   3.846e+00,   1.460e-02,   1.713e-01
   6.884e-02,   2.255e+03,   3.846e+00,   1.459e-02,   1.713e-01
   6.896e-02,   2.255e+03,   3.846e+00,   1.459e-02,   1.713e-01
   6.909e-02,   2.256e+03,   3.846e+00,   1.458e-02,   1.713e-01
   6.921e-02,   2.256e+03,   3.846e+00,   1.458e-02,   1.713e-01
   6.934e-02,   2.256e+03,   3.846e+00,   1.457e-02,   1.713e-01
   6.946e-02,   2.256e+03,   3.847e+00,   1.456e-02,   1.713e-01
   6.959e-02,   2.256e+03,   3.847e+00,   1.456e-02,   1.714e-01
   6.971e-02,   2.256e+03,   3.847e+00,   1.455e-02,   1.714e-01
   6.984e-02,   2.256e+03,   3.847e+00,   1.455e-02,   1.714e-01
   6.996e-02,   2.256e+03,   3.847e+00,   1.454e-02,   1.714e-01
   7.009e-02,   2.256e+03,   3.847e+00,   1.454e-02,   1.714e-01
   7.021e-02,   2.256e+03,   3.847e+00,   1.453e-02,   1.714e-01
   7.034e-02,   2.256e+03,   3.847e+00,   1.453e-02,   1.714e-01
   7.046e-02,   2.256e+03,   3.847e+00,   1.452e-02,   1.714e-01
   7.059e-02,   2.256e+03,   3.847e+00,   1.452e-02,   1.714e-01
   7.071e-02,   2.256e+03,   3.847e+00,   1.452e-02,   1.714e-01
   7.084e-02,   2.256e+03,   3.847e+00,   1.451e-02,   1.714e-01
   7.096e-02,   2.256e+03,   3.847e+00,   1.451e-02,   1.714e-01
   7.109e-02,   2.256e+03,   3.848e+00,   1.450e-02,   1.714e-01
   7.121e-02,   2.256e+03,   3.848e+00,   1.450e-02,   1.714e-01
   7.134e-02,   2.257e+03,   3.848e+00,   1.450e-02,   1.715e-01
   7.146e-02,   2.257e+03,   3.848e+00,   1.449e-02,   1.715e-01
   7.159e-02,   2.257e+03,   3.848e+00,   1.449e-02,   1.715e-01
   7.171e-02,   2.257e+03,   3.848e+00,   1.448e-02,   1.715e-01
   7.184e-02,   2.257e+03,   3.848e+00,   1.448e-02,   1.715e-01
   7.196e-02,   2.257e+03,   3.848e+00,   1.448e-02,   1.715e-01
   7.209e-02,   2.257e+03,   3.848e+00,   1.447e-02,   1.715e-01
   7.222e-02,   2.257e+03,   3.848e+00,   1.447e-02,   1.715e-01
   7.234e-02,   2.257e+03,   3.848e+00,   1.447e-02,   1.715e-01
   7.247e-02,   2.257e+03,   3.848e+00,   1.446e-02,   1.715e-01
   7.259e-02,   2.257e+03,   3.848e+00,   1.446e-02,   1.715e-01
   7.272e-02,   2.257e+03,   3.848e+00,   1.446e-02,   1.715e-01
   7.284e-02,   2.257e+03,   3.848e+00,   1.446e-02,   1.715e-01
   7.297e-02,   2.257e+03,   3.848e+00,   1.445e-02,   1.715e-01
   7.309e-02,   2.257e+03,   3.848e+00,   1.445e-02,   1.715e-01
   7.322e-02,   2.257e+03,   3.848e+00,   1.445e-02,   1.715e-01
   7.334e-02,   2.257e+03,   3.848e+00,   1.445e-02,   1.715e-01
   7.347e-02,   2.257e+03,   3.849e+00,   1.444e-02,   1.715e-01
   7.359e-02,   2.257e+03,   3.849e+00,   1.444e-02,   1.715e-01
   7.372e-02,   2.257e+03,   3.849e+00,   1.444e-02,   1.715e-01
   7.384e-02,   2.257e+03,   3.849e+00,   1.444e-02,   1.715e-01
   7.397e-02,   2.257e+03,   3.849e+00,   1.443e-02,   1.716e-01
   7.409e-02,   2.257e+03,   3.849e+00,   1.443e-02,   1.716e-01
   7.422e-02,   2.257e+03,   3.849e+00,   1.443e-02,   1.716e-01
   7.434e-02,   2.257e+03,   3.849e+00,   1.443e-02,   1.716e-01
   7.447e-02,   2.257e+03,   3.849e+00,   1.442e-02,   1.716e-01
   7.459e-02,   2.257e+03,   3.849e+00,   1.442e-02,   1.716e-01
   7.472e-02,   2.257e+03,   3.849e+00,   1.442e-02,   1.716e-01
   7.484e-02,   2.257e+03,   3.849e+00,   1.442e-02,   1.716e-01
   7.497e-02,   2.257e+03,   3.849e+00,   1.442e-02,   1.716e-01
   7.509e-02,   2.257e+03,   3.849e+00,   1.441e-02,   1.716e-01
   7.522e-02,   2.257e+03,   3.849e+00,   1.441e-02,   1.716e-01
   7.534e-02,   2.257e+03,   3.849e+00,   1.441e-02,   1.716e-01
   7.547e-02,   2.257e+03,   3.849e+00,   1.441e-02,   1.716e-01
   7.559e-02,   2.257e+03,   3.849e+00,   1.441e-02,   1.716e-01
   7.572e-02,   2.258e+03,   3.849e+00,   1.441e-02,   1.716e-01
   7.584e-02,   2.258e+03,   3.849e+00,   1.440e-02,   1.716e-01
   7.597e-02,   2.258e+03,   3.849e+00,   1.440e-02,   1.716e-01
   7.610e-02,   2.258e+03,   3.849e+00,   1.440e-02,   1.716e-01
   7.622e-02,   2.258e+03,   3.849e+00,   1.440e-02,   1.716e-01
   7.635e-02,   2.258e+03,   3.849e+00,   1.440e-02,   1.716e-01
   7.647e-02,   2.258e+03,   3.849e+00,   1.440e-02,   1.716e-01
   7.660e-02,   2.258e+03,   3.849e+00,   1.440e-02,   1.716e-01
   7.672e-02,   2.258e+03,   3.849e+00,   1.439e-02,   1.716e-01
   7.685e-02,   2.258e+03,   3.849e+00,   1.439e-02,   1.716e-01
   7.697e-02,   2.258e+03,   3.849e+00,   1.439e-02,   1.716e-01
   7.710e-02,   2.258e+03,   3.849e+00,   1.439e-02,   1.716e-01
   7.722e-02,   2.258e+03,   3.849e+00,   1.439e-02,   1.716e-01
   7.735e-02,   2.258e+03,   3.849e+00,   1.439e-02,   1.716e-01
   7.747e-02,   2.258e+03,   3.849e+00,   1.439e-02,   1.716e-01
   7.760e-02,   2.258e+03,   3.849e+00,   1.439e-02,   1.716e-01
   7.772e-02,   2.258e+03,   3.849e+00,   1.438e-02,   1.716e-01
   7.785e-02,   2.258e+03,   3.849e+00,   1.438e-02,   1.716e-01
   7.797e-02,   2.258e+03,   3.849e+00,   1.438e-02,   1.716e-01
   7.810e-02,   2.258e+03,   3.849e+00,   1.438e-02,   1.716e-01
   7.822e-02,   2.258e+03,   3.850e+00,   1.438e-02,   1.716e-01
   7.835e-02,   2.258e+03,   3.850e+00,   1.438e-02,   1.716e-01
   7.847e-02,   2.258e+03,   3.850e+00,   1.438e-02,   1.716e-01
   7.860e-02,   2.258e+03,   3.850e+00,   1.438e-02,   1.716e-01
   7.872e-02,   2.258e+03,   3.850e+00,   1.438e-02,   1.716e-01
   7.885e-02,   2.258e+03,   3.850e+00,   1.438e-02,   1.716e-01
   7.897e-02,   2.258e+03,   3.850e+00,   1.437e-02,   1.716e-01
   7.910e-02,   2.258e+03,   3.850e+00,   1.437e-02,   1.716e-01
   7.922e-02,   2.258e+03,   3.850e+00,   1.437e-02,   1.716e-01
   7.935e-02,   2.258e+03,   3.850e+00,   1.437e-02,   1.717e-01
   7.947e-02,   2.258e+03,   3.850e+00,   1.437e-02,   1.717e-01
   7.960e-02,   2.258e+03,   3.850e+00,   1.437e-02,   1.717e-01
   7.972e-02,   2.258e+03,   3.850e+00,   1.437e-02,   1.717e-01
   7.985e-02,   2.258e+03,   3.850e+00,   1.437e-02,   1.717e-01
   7.997e-02,   2.258e+03,   3.850e+00,   1.437e-02,   1.717e-01
   8.010e-02,   2.258e+03,   3.850e+00,   1.437e-02,   1.717e-01
   8.023e-02,   2.258e+03,   3.850e+00,   1.437e-02,   1.717e-01
   8.035e-02,   2.258e+03,   3.850e+00,   1.437e-02,   1.717e-01
   8.048e-02,   2.258e+03,   3.850e+00,   1.437e-02,   1.717e-01
   8.060e-02,   2.258e+03,   3.850e+00,   1.436e-02,   1.717e-01
   8.073e-02,   2.258e+03,   3.850e+00,   1.436e-02,   1.717e-01
   8.085e-02,   2.258e+03,   3.850e+00,   1.436e-02,   1.717e-01
   8.098e-02,   2.258e+03,   3.850e+00,   1.436e-02,   1.717e-01
   8.110e-02,   2.258e+03,   3.850e+00,   1.436e-02,   1.717e-01
   8.123e-02,   2.258e+03,   3.850e+00,   1.436e-02,   1.717e-01
   8.135e-02,   2.258e+03,   3.850e+00,   1.436e-02,   1.717e-01
   8.148e-02,   2.258e+03,   3.850e+00,   1.436e-02,   1.717e-01
   8.160e-02,   2.258e+03,   3.850e+00,   1.436e-02,   1.717e-01
   8.173e-02,   2.258e+03,   3.850e+00,   1.436e-02,   1.717e-01
   8.185e-02,   2.258e+03,   3.850e+00,   1.436e-02,   1.717e-01
   8.198e-02,   2.258e+03,   3.850e+00,   1.436e-02,   1.717e-01
   8.210e-02,   2.258e+03,   3.850e+00,   1.436e-02,   1.717e-01
   8.223e-02,   2.258e+03,   3.850e+00,   1.436e-02,   1.717e-01
   8.235e-02,   2.258e+03,   3.850e+00,   1.436e-02,   1.717e-01
   8.248e-02,   2.258e+03,   3.850e+00,   1.436e-02,   1.717e-01
   8.260e-02,   2.258e+03,   3.850e+00,   1.436e-02,   1.717e-01
   8.273e-02,   2.258e+03,   3.850e+00,   1.436e-02,   1.717e-01
   8.285e-02,   2.258e+03,   3.850e+00,   1.436e-02,   1.717e-01
   8.298e-02,   2.258e+03,   3.850e+00,   1.435e-02,   1.717e-01
   8.310e-02,   2.258e+03,   3.850e+00,   1.435e-02,   1.717e-01
   8.323e-02,   2.258e+03,   3.850e+00,   1.435e-02,   1.717e-01
   8.335e-02,   2.258e+03,   3.850e+00,   1.435e-02,   1.717e-01
   8.348e-02,   2.258e+03,   3.850e+00,   1.435e-02,   1.717e-01
   8.360e-02,   2.258e+03,   3.850e+00,   1.435e-02,   1.717e-01
   8.373e-02,   2.258e+03,   3.850e+00,   1.435e-02,   1.717e-01
   8.385e-02,   2.258e+03,   3.850e+00,   1.435e-02,   1.717e-01
   8.398e-02,   2.258e+03,   3.850e+00,   1.435e-02,   1.717e-01
   8.411e-02,   2.258e+03,   3.850e+00,   1.435e-02,   1.717e-01
   8.423e-02,   2.258e+03,   3.850e+00,   1.435e-02,   1.717e-01
   8.436e-02,   2.258e+03,   3.850e+00,   1.435e-02,   1.717e-01
   8.448e-02,   2.258e+03,   3.850e+00,   1.435e-02,   1.717e-01
   8.461e-02,   2.258e+03,   3.850e+00,   1.435e-02,   1.717e-01
   8.473e-02,   2.258e+03,   3.850e+00,   1.435e-02,   1.717e-01
   8.486e-02,   2.258e+03,   3.850e+00,   1.435e-02,   1.717e-01
   8.498e-02,   2.258e+03,   3.850e+00,   1.435e-02,   1.717e-01
   8.511e-02,   2.258e+03,   3.850e+00,   1.435e-02,   1.717e-01
   8.523e-02,   2.258e+03,   3.850e+00,   1.435e-02,   1.717e-01
   8.536e-02,   2.258e+03,   3.850e+00,   1.435e-02,   1.717e-01
   8.548e-02,   2.258e+03,   3.850e+00,   1.435e-02,   1.717e-01
   8.561e-02,   2.258e+03,   3.850e+00,   1.435e-02,   1.717e-01
   8.573e-02,   2.258e+03,   3.850e+00,   1.435e-02,   1.717e-01
   8.586e-02,   2.258e+03,   3.850e+00,   1.435e-02,   1.717e-01
   8.598e-02,   2.258e+03,   3.850e+00,   1.435e-02,   1.717e-01
   8.611e-02,   2.258e+03,   3.850e+00,   1.435e-02,   1.717e-01
   8.623e-02,   2.258e+03,   3.850e+00,   1.435e-02,   1.717e-01
   8.636e-02,   2.258e+03,   3.850e+00,   1.435e-02,   1.717e-01
   8.648e-02,   2.258e+03,   3.850e+00,   1.435e-02,   1.717e-01
   8.661e-02,   2.258e+03,   3.850e+00,   1.435e-02,   1.717e-01
   8.673e-02,   2.258e+03,   3.850e+00,   1.435e-02,   1.717e-01
   8.686e-02,   2.258e+03,   3.850e+00,   1.435e-02,   1.717e-01
   8.698e-02,   2.258e+03,   3.850e+00,   1.435e-02,   1.717e-01
   8.711e-02,   2.258e+03,   3.850e+00,   1.435e-02,   1.717e-01
   8.723e-02,   2.258e+03,   3.850e+00,   1.435e-02,   1.717e-01
   8.736e-02,   2.258e+03,   3.850e+00,   1.435e-02,   1.717e-01
   8.748e-02,   2.258e+03,   3.850e+00,   1.434e-02,   1.717e-01
   8.761e-02,   2.258e+03,   3.850e+00,   1.434e-02,   1.717e-01
   8.773e-02,   2.258e+03,   3.850e+00,   1.434e-02,   1.717e-01
   8.786e-02,   2.258e+03,   3.850e+00,   1.434e-02,   1.717e-01
   8.798e-02,   2.258e+03,   3.850e+00,   1.434e-02,   1.717e-01
   8.811e-02,   2.258e+03,   3.850e+00,   1.434e-02,   1.717e-01
   8.824e-02,   2.258e+03,   3.850e+00,   1.434e-02,   1.717e-01
   8.836e-02,   2.258e+03,   3.850e+00,   1.434e-02,   1.717e-01
   8.849e-02,   2.258e+03,   3.850e+00,   1.434e-02,   1.717e-01
   8.861e-02,   2.258e+03,   3.850e+00,   1.434e-02,   1.717e-01
   8.874e-02,   2.258e+03,   3.850e+00,   1.434e-02,   1.717e-01
   8.886e-02,   2.258e+03,   3.850e+00,   1.434e-02,   1.717e-01
   8.899e-02,   2.258e+03,   3.850e+00,   1.434e-02,   1.717e-01
   8.911e-02,   2.258e+03,   3.850e+00,   1.434e-02,   1.717e-01
   8.924e-02,   2.258e+03,   3.850e+00,   1.434e-02,   1.717e-01
   8.936e-02,   2.258e+03,   3.850e+00,   1.434e-02,   1.717e-01
   8.949e-02,   2.258e+03,   3.850e+00,   1.434e-02,   1.717e-01
   8.961e-02,   2.258e+03,   3.850e+00,   1.434e-02,   1.717e-01
   8.974e-02,   2.258e+03,   3.850e+00,   1.434e-02,   1.717e-01
   8.986e-02,   2.258e+03,   3.850e+00,   1.434e-02,   1.717e-01
   8.999e-02,   2.258e+03,   3.850e+00,   1.434e-02,   1.717e-01
   9.011e-02,   2.258e+03,   3.850e+00,   1.434e-02,   1.717e-01
   9.024e-02,   2.258e+03,   3.850e+00,   1.434e-02,   1.717e-01
   9.036e-02,   2.258e+03,   3.850e+00,   1.434e-02,   1.717e-01
   9.049e-02,   2.258e+03,   3.850e+00,   1.434e-02,   1.717e-01
   9.061e-02,   2.258e+03,   3.850e+00,   1.434e-02,   1.717e-01
   9.074e-02,   2.258e+03,   3.850e+00,   1.434e-02,   1.717e-01
   9.086e-02,   2.258e+03,   3.850e+00,   1.434e-02,   1.717e-01
   9.099e-02,   2.258e+03,   3.850e+00,   1.434e-02,   1.717e-01
   9.111e-02,   2.258e+03,   3.850e+00,   1.434e-02,   1.717e-01
   9.124e-02,   2.258e+03,   3.850e+00,   1.434e-02,   1.717e-01
   9.136e-02,   2.258e+03,   3.850e+00,   1.434e-02,   1.717e-01
   9.149e-02,   2.258e+03,   3.850e+00,   1.434e-02,   1.717e-01
   9.161e-02,   2.258e+03,   3.850e+00,   1.434e-02,   1.717e-01
   9.174e-02,   2.258e+03,   3.850e+00,   1.434e-02,   1.717e-01
   9.186e-02,   2.258e+03,   3.850e+00,   1.434e-02,   1.717e-01
   9.199e-02,   2.258e+03,   3.850e+00,   1.434e-02,   1.717e-01
   9.212e-02,   2.258e+03,   3.850e+00,   1.434e-02,   1.717e-01
   9.224e-02,   2.258e+03,   3.850e+00,   1.434e-02,   1.717e-01
   9.237e-02,   2.258e+03,   3.850e+00,   1.434e-02,   1.717e-01
   9.249e-02,   2.258e+03,   3.850e+00,   1.434e-02,   1.717e-01
   9.262e-02,   2.258e+03,   3.850e+00,   1.434e-02,   1.717e-01
   9.274e-02,   2.258e+03,   3.850e+00,   1.434e-02,   1.717e-01
   9.287e-02,   2.258e+03,   3.850e+00,   1.434e-02,   1.717e-01
   9.299e-02,   2.258e+03,   3.850e+00,   1.434e-02,   1.717e-01
   9.312e-02,   2.258e+03,   3.850e+00,   1.434e-02,   1.717e-01
   9.324e-02,   2.258e+03,   3.850e+00,   1.434e-02,   1.717e-01
   9.337e-02,   2.258e+03,   3.850e+00,   1.434e-02,   1.717e-01
   9.349e-02,   2.258e+03,   3.850e+00,   1.434e-02,   1.717e-01
   9.362e-02,   2.258e+03,   3.850e+00,   1.434e-02,   1.717e-01
   9.374e-02,   2.258e+03,   3.850e+00,   1.434e-02,   1.717e-01
   9.387e-02,   2.258e+03,   3.850e+00,   1.434e-02,   1.717e-01
   9.399e-02,   2.258e+03,   3.850e+00,   1.434e-02,   1.717e-01
   9.412e-02,   2.258e+03,   3.850e+00,   1.434e-02,   1.717e-01
   9.424e-02,   2.258e+03,   3.850e+00,   1.434e-02,   1.717e-01
   9.437e-02,   2.258e+03,   3.850e+00,   1.434e-02,   1.717e-01
   9.449e-02,   2.258e+03,   3.850e+00,   1.434e-02,   1.717e-01
   9.462e-02,   2.258e+03,   3.850e+00,   1.434e-02,   1.717e-01
   9.474e-02,   2.258e+03,   3.850e+00,   1.434e-02,   1.717e-01
   9.487e-02,   2.258e+03,   3.850e+00,   1.434e-02,   1.717e-01
   9.499e-02,   2.258e+03,   3.850e+00,   1.434e-02,   1.717e-01
   9.512e-02,   2.258e+03,   3.850e+00,   1.434e-02,   1.717e-01
   9.524e-02,   2.258e+03,   3.850e+00,   1.434e-02,   1.717e-01
   9.537e-02,   2.258e+03,   3.850e+00,   1.434e-02,   1.717e-01
   9.549e-02,   2.258e+03,   3.850e+00,   1.434e-02,   1.717e-01
   9.562e-02,   2.258e+03,   3.850e+00,   1.434e-02,   1.717e-01
   9.574e-02,   2.258e+03,   3.850e+00,   1.434e-02,   1.717e-01
   9.587e-02,   2.258e+03,   3.850e+00,   1.434e-02,   1.717e-01
   9.599e-02,   2.258e+03,   3.850e+00,   1.434e-02,   1.717e-01
   9.612e-02,   2.258e+03,   3.850e+00,   1.434e-02,   1.717e-01
   9.625e-02,   2.258e+03,   3.850e+00,   1.434e-02,   1.717e-01
   9.637e-02,   2.258e+03,   3.850e+00,   1.434e-02,   1.717e-01
   9.650e-02,   2.258e+03,   3.850e+00,   1.434e-02,   1.717e-01
   9.662e-02,   2.258e+03,   3.850e+00,   1.434e-02,   1.717e-01
   9.675e-02,   2.258e+03,   3.850e+00,   1.434e-02,   1.717e-01
   9.687e-02,   2.258e+03,   3.850e+00,   1.434e-02,   1.717e-01
   9.700e-02,   2.258e+03,   3.850e+00,   1.434e-02,   1.717e-01
   9.712e-02,   2.258e+03,   3.850e+00,   1.434e-02,   1.717e-01
   9.725e-02,   2.258e+03,   3.850e+00,   1.434e-02,   1.717e-01
   9.737e-02,   2.258e+03,   3.850e+00,   1.434e-02,   1.717e-01
   9.750e-02,   2.258e+03,   3.850e+00,   1.434e-02,   1.717e-01
   9.762e-02,   2.258e+03,   3.850e+00,   1.434e-02,   1.717e-01
   9.775e-02,   2.258e+03,   3.850e+00,   1.434e-02,   1.717e-01
   9.787e-02,   2.258e+03,   3.850e+00,   1.434e-02,   1.717e-01
   9.800e-02,   2.258e+03,   3.850e+00,   1.434e-02,   1.717e-01
   9.812e-02,   2.258e+03,   3.850e+00,   1.434e-02,   1.717e-01
   9.825e-02,   2.258e+03,   3.850e+00,   1.434e-02,   1.717e-01
   9.837e-02,   2.258e+03,   3.850e+00,   1.434e-02,   1.717e-01
   9.850e-02,   2.258e+03,   3.850e+00,   1.434e-02,   1.717e-01
   9.862e-02,   2.258e+03,   3.850e+00,   1.434e-02,   1.717e-01
   9.875e-02,   2.258e+03,   3.850e+00,   1.434e-02,   1.717e-01
   9.887e-02,   2.258e+03,   3.850e+00,   1.434e-02,   1.717e-01
   9.900e-02,   2.258e+03,   3.850e+00,   1.434e-02,   1.717e-01
   9.912e-02,   2.258e+03,   3.850e+00,   1.434e-02,   1.717e-01
   9.925e-02,   2.258e+03,   3.850e+00,   1.434e-02,   1.717e-01
   9.937e-02,   2.258e+03,   3.850e+00,   1.434e-02,   1.717e-01
   9.950e-02,   2.258e+03,   3.850e+00,   1.434e-02,   1.717e-01
   9.962e-02,   2.258e+03,   3.850e+00,   1.434e-02,   1.717e-01
   9.975e-02,   2.258e+03,   3.850e+00,   1.434e-02,   1.717e-01
   9.987e-02,   2.258e+03,   3.850e+00,   1.434e-02,   1.717e-01
   1.000e-01,   2.258e+03,   3.850e+00,   1.434e-02,   1.717e-01
